"drg","drgnum","drgweight","drgsys","drgvers","glos","trim","low","alos","fydate","fyear"
"001",1,25.3518,"MS-DRG",31,28.2999992370605,0,,35.9000015258789,10/1/2013,2014
"002",2,15.2738,"MS-DRG",31,15.8999996185303,0,,18.6000003814697,10/1/2013,2014
"003",3,17.6369,"MS-DRG",31,27.2000007629395,0,,33.2000007629395,10/1/2013,2014
"004",4,10.9288,"MS-DRG",31,20.2999992370605,0,,24.7000007629395,10/1/2013,2014
"005",5,10.4214,"MS-DRG",31,15.1000003814697,0,,20.1000003814697,10/1/2013,2014
"006",6,4.7639,"MS-DRG",31,7.90000009536743,0,,9,10/1/2013,2014
"007",7,9.1929,"MS-DRG",31,15.3999996185303,0,,17.8999996185303,10/1/2013,2014
"008",8,5.1527,"MS-DRG",31,9.5,0,,11,10/1/2013,2014
"009",9,0,"MS-DRG",31,0,0,,0,10/1/2013,2014
"010",10,4.1554,"MS-DRG",31,8.80000019073486,0,,10.3000001907349,10/1/2013,2014
"011",11,4.7246,"MS-DRG",31,11.3999996185303,0,,14,10/1/2013,2014
"012",12,3.2291,"MS-DRG",31,8.30000019073486,0,,9.80000019073486,10/1/2013,2014
"013",13,2.1647,"MS-DRG",31,5.69999980926514,0,,6.5,10/1/2013,2014
"014",14,10.6157,"MS-DRG",31,20.7000007629395,0,,26.2000007629395,10/1/2013,2014
"015",15,0,"MS-DRG",31,0,0,,0,10/1/2013,2014
"016",16,6.0304,"MS-DRG",31,18.1000003814697,0,,19.5,10/1/2013,2014
"017",17,4.2906,"MS-DRG",31,9.89999961853027,0,,13.1999998092651,10/1/2013,2014
"018",18,0,"MS-DRG",31,0,0,,0,10/1/2013,2014
"019",19,0,"MS-DRG",31,0,0,,0,10/1/2013,2014
"020",20,9.3897,"MS-DRG",31,14.3000001907349,0,,17.3999996185303,10/1/2013,2014
"021",21,6.4458,"MS-DRG",31,11.8999996185303,0,,13.3999996185303,10/1/2013,2014
"022",22,4.7113,"MS-DRG",31,5.5,0,,7.30000019073486,10/1/2013,2014
"023",23,5.1587,"MS-DRG",31,8,0,,11.1999998092651,10/1/2013,2014
"024",24,3.7121,"MS-DRG",31,4.5,0,,6.59999990463257,10/1/2013,2014
"025",25,4.4422,"MS-DRG",31,7.80000019073486,0,,10.1000003814697,10/1/2013,2014
"026",26,2.9842,"MS-DRG",31,5,0,,6.5,10/1/2013,2014
"027",27,2.2505,"MS-DRG",31,2.59999990463257,0,,3.40000009536743,10/1/2013,2014
"028",28,5.4339,"MS-DRG",31,9.60000038146973,0,,12.3000001907349,10/1/2013,2014
"029",29,3.0782,"MS-DRG",31,4.59999990463257,0,,6.19999980926514,10/1/2013,2014
"030",30,1.8091,"MS-DRG",31,2.5,0,,3.29999995231628,10/1/2013,2014
"031",31,3.946,"MS-DRG",31,7.69999980926514,0,,11,10/1/2013,2014
"032",32,1.978,"MS-DRG",31,3.40000009536743,0,,4.90000009536743,10/1/2013,2014
"033",33,1.5226,"MS-DRG",31,2,0,,2.5,10/1/2013,2014
"034",34,3.4145,"MS-DRG",31,4.69999980926514,0,,6.90000009536743,10/1/2013,2014
"035",35,2.1781,"MS-DRG",31,2.09999990463257,0,,3.09999990463257,10/1/2013,2014
"036",36,1.7224,"MS-DRG",31,1.29999995231628,0,,1.5,10/1/2013,2014
"037",37,3.0641,"MS-DRG",31,5.5,0,,7.90000009536743,10/1/2013,2014
"038",38,1.5958,"MS-DRG",31,2.40000009536743,0,,3.5,10/1/2013,2014
"039",39,1.0452,"MS-DRG",31,1.39999997615814,0,,1.60000002384186,10/1/2013,2014
"040",40,3.7851,"MS-DRG",31,8.30000019073486,0,,11,10/1/2013,2014
"041",41,2.1731,"MS-DRG",31,5,0,,6.40000009536743,10/1/2013,2014
"042",42,1.8616,"MS-DRG",31,2.59999990463257,0,,3.40000009536743,10/1/2013,2014
"043",43,0,"MS-DRG",31,0,0,,0,10/1/2013,2014
"044",44,0,"MS-DRG",31,0,0,,0,10/1/2013,2014
"045",45,0,"MS-DRG",31,0,0,,0,10/1/2013,2014
"046",46,0,"MS-DRG",31,0,0,,0,10/1/2013,2014
"047",47,0,"MS-DRG",31,0,0,,0,10/1/2013,2014
"048",48,0,"MS-DRG",31,0,0,,0,10/1/2013,2014
"049",49,0,"MS-DRG",31,0,0,,0,10/1/2013,2014
"050",50,0,"MS-DRG",31,0,0,,0,10/1/2013,2014
"051",51,0,"MS-DRG",31,0,0,,0,10/1/2013,2014
"052",52,1.4102,"MS-DRG",31,4,0,,5.30000019073486,10/1/2013,2014
"053",53,0.8746,"MS-DRG",31,2.70000004768372,0,,3.29999995231628,10/1/2013,2014
"054",54,1.3195,"MS-DRG",31,4.09999990463257,0,,5.5,10/1/2013,2014
"055",55,1.01,"MS-DRG",31,3.09999990463257,0,,4.19999980926514,10/1/2013,2014
"056",56,1.7368,"MS-DRG",31,5.30000019073486,0,,7.09999990463257,10/1/2013,2014
"057",57,0.9841,"MS-DRG",31,3.59999990463257,0,,4.69999980926514,10/1/2013,2014
"058",58,1.6027,"MS-DRG",31,5.40000009536743,0,,7.09999990463257,10/1/2013,2014
"059",59,1.0399,"MS-DRG",31,4,0,,4.90000009536743,10/1/2013,2014
"060",60,0.7899,"MS-DRG",31,3.09999990463257,0,,3.70000004768372,10/1/2013,2014
"061",61,2.7316,"MS-DRG",31,5.80000019073486,0,,7.5,10/1/2013,2014
"062",62,1.8561,"MS-DRG",31,4.19999980926514,0,,4.90000009536743,10/1/2013,2014
"063",63,1.4685,"MS-DRG",31,3,0,,3.40000009536743,10/1/2013,2014
"064",64,1.7417,"MS-DRG",31,4.69999980926514,0,,6.30000019073486,10/1/2013,2014
"065",65,1.0776,"MS-DRG",31,3.5,0,,4.30000019073486,10/1/2013,2014
"066",66,0.7566,"MS-DRG",31,2.5,0,,2.90000009536743,10/1/2013,2014
"067",67,1.4172,"MS-DRG",31,4.09999990463257,0,,5.30000019073486,10/1/2013,2014
"068",68,0.8582,"MS-DRG",31,2.5,0,,3.09999990463257,10/1/2013,2014
"069",69,0.6948,"MS-DRG",31,2.20000004768372,0,,2.59999990463257,10/1/2013,2014
"070",70,1.6593,"MS-DRG",31,4.90000009536743,0,,6.59999990463257,10/1/2013,2014
"071",71,0.9796,"MS-DRG",31,3.59999990463257,0,,4.59999990463257,10/1/2013,2014
"072",72,0.6919,"MS-DRG",31,2.29999995231628,0,,2.90000009536743,10/1/2013,2014
"073",73,1.3014,"MS-DRG",31,3.90000009536743,0,,5.30000019073486,10/1/2013,2014
"074",74,0.8786,"MS-DRG",31,3.09999990463257,0,,3.90000009536743,10/1/2013,2014
"075",75,1.5918,"MS-DRG",31,5.19999980926514,0,,6.5,10/1/2013,2014
"076",76,0.8425,"MS-DRG",31,3.20000004768372,0,,3.70000004768372,10/1/2013,2014
"077",77,1.629,"MS-DRG",31,4.59999990463257,0,,6,10/1/2013,2014
"078",78,0.9467,"MS-DRG",31,3.09999990463257,0,,3.90000009536743,10/1/2013,2014
"079",79,0.7118,"MS-DRG",31,2.29999995231628,0,,2.79999995231628,10/1/2013,2014
"080",80,1.2252,"MS-DRG",31,3.70000004768372,0,,5.09999990463257,10/1/2013,2014
"081",81,0.7455,"MS-DRG",31,2.59999990463257,0,,3.40000009536743,10/1/2013,2014
"082",82,1.9463,"MS-DRG",31,3.40000009536743,0,,5.69999980926514,10/1/2013,2014
"083",83,1.2643,"MS-DRG",31,3.40000009536743,0,,4.40000009536743,10/1/2013,2014
"084",84,0.8491,"MS-DRG",31,2.09999990463257,0,,2.70000004768372,10/1/2013,2014
"085",85,1.9733,"MS-DRG",31,4.90000009536743,0,,6.69999980926514,10/1/2013,2014
"086",86,1.1105,"MS-DRG",31,3.29999995231628,0,,4.19999980926514,10/1/2013,2014
"087",87,0.7345,"MS-DRG",31,2.20000004768372,0,,2.70000004768372,10/1/2013,2014
"088",88,1.5029,"MS-DRG",31,3.90000009536743,0,,5.09999990463257,10/1/2013,2014
"089",89,0.9406,"MS-DRG",31,2.70000004768372,0,,3.29999995231628,10/1/2013,2014
"090",90,0.714,"MS-DRG",31,1.89999997615814,0,,2.29999995231628,10/1/2013,2014
"091",91,1.5851,"MS-DRG",31,4.30000019073486,0,,5.90000009536743,10/1/2013,2014
"092",92,0.8918,"MS-DRG",31,3.09999990463257,0,,3.90000009536743,10/1/2013,2014
"093",93,0.6614,"MS-DRG",31,2.20000004768372,0,,2.70000004768372,10/1/2013,2014
"094",94,3.4974,"MS-DRG",31,8.30000019073486,0,,10.8000001907349,10/1/2013,2014
"095",95,2.2787,"MS-DRG",31,6.19999980926514,0,,7.69999980926514,10/1/2013,2014
"096",96,1.9694,"MS-DRG",31,4.5,0,,5.40000009536743,10/1/2013,2014
"097",97,3.1963,"MS-DRG",31,8.5,0,,11,10/1/2013,2014
"098",98,1.7657,"MS-DRG",31,5.80000019073486,0,,7.40000009536743,10/1/2013,2014
"099",99,1.1835,"MS-DRG",31,4.09999990463257,0,,5,10/1/2013,2014
"100",100,1.5185,"MS-DRG",31,4.19999980926514,0,,5.69999980926514,10/1/2013,2014
"101",101,0.7569,"MS-DRG",31,2.59999990463257,0,,3.29999995231628,10/1/2013,2014
"102",102,1.043,"MS-DRG",31,3.09999990463257,0,,4.19999980926514,10/1/2013,2014
"103",103,0.6663,"MS-DRG",31,2.29999995231628,0,,2.90000009536743,10/1/2013,2014
"104",104,0,"MS-DRG",31,0,0,,0,10/1/2013,2014
"105",105,0,"MS-DRG",31,0,0,,0,10/1/2013,2014
"106",106,0,"MS-DRG",31,0,0,,0,10/1/2013,2014
"107",107,0,"MS-DRG",31,0,0,,0,10/1/2013,2014
"108",108,0,"MS-DRG",31,0,0,,0,10/1/2013,2014
"109",109,0,"MS-DRG",31,0,0,,0,10/1/2013,2014
"110",110,0,"MS-DRG",31,0,0,,0,10/1/2013,2014
"111",111,0,"MS-DRG",31,0,0,,0,10/1/2013,2014
"112",112,0,"MS-DRG",31,0,0,,0,10/1/2013,2014
"113",113,1.8998,"MS-DRG",31,4,0,,5.59999990463257,10/1/2013,2014
"114",114,1.0216,"MS-DRG",31,2.29999995231628,0,,2.90000009536743,10/1/2013,2014
"115",115,1.2543,"MS-DRG",31,3.20000004768372,0,,4.30000019073486,10/1/2013,2014
"116",116,1.4806,"MS-DRG",31,3.20000004768372,0,,4.80000019073486,10/1/2013,2014
"117",117,0.8211,"MS-DRG",31,1.79999995231628,0,,2.40000009536743,10/1/2013,2014
"118",118,0,"MS-DRG",31,0,0,,0,10/1/2013,2014
"119",119,0,"MS-DRG",31,0,0,,0,10/1/2013,2014
"120",120,0,"MS-DRG",31,0,0,,0,10/1/2013,2014
"121",121,1.0215,"MS-DRG",31,3.90000009536743,0,,4.80000019073486,10/1/2013,2014
"122",122,0.6147,"MS-DRG",31,2.90000009536743,0,,3.5,10/1/2013,2014
"123",123,0.6963,"MS-DRG",31,2.20000004768372,0,,2.70000004768372,10/1/2013,2014
"124",124,1.199,"MS-DRG",31,3.70000004768372,0,,5.09999990463257,10/1/2013,2014
"125",125,0.6812,"MS-DRG",31,2.5,0,,3.09999990463257,10/1/2013,2014
"126",126,0,"MS-DRG",31,0,0,,0,10/1/2013,2014
"127",127,0,"MS-DRG",31,0,0,,0,10/1/2013,2014
"128",128,0,"MS-DRG",31,0,0,,0,10/1/2013,2014
"129",129,2.1925,"MS-DRG",31,3.59999990463257,0,,5.09999990463257,10/1/2013,2014
"130",130,1.2687,"MS-DRG",31,2.09999990463257,0,,2.59999990463257,10/1/2013,2014
"131",131,2.2038,"MS-DRG",31,3.90000009536743,0,,5.40000009536743,10/1/2013,2014
"132",132,1.2855,"MS-DRG",31,2,0,,2.59999990463257,10/1/2013,2014
"133",133,1.7824,"MS-DRG",31,3.59999990463257,0,,5.30000019073486,10/1/2013,2014
"134",134,0.9584,"MS-DRG",31,1.79999995231628,0,,2.40000009536743,10/1/2013,2014
"135",135,2.011,"MS-DRG",31,4.09999990463257,0,,5.90000009536743,10/1/2013,2014
"136",136,0.9709,"MS-DRG",31,1.79999995231628,0,,2.40000009536743,10/1/2013,2014
"137",137,1.3477,"MS-DRG",31,3.70000004768372,0,,5,10/1/2013,2014
"138",138,0.8304,"MS-DRG",31,2,0,,2.5,10/1/2013,2014
"139",139,0.9169,"MS-DRG",31,1.5,0,,2,10/1/2013,2014
"140",140,0,"MS-DRG",31,0,0,,0,10/1/2013,2014
"141",141,0,"MS-DRG",31,0,0,,0,10/1/2013,2014
"142",142,0,"MS-DRG",31,0,0,,0,10/1/2013,2014
"143",143,0,"MS-DRG",31,0,0,,0,10/1/2013,2014
"144",144,0,"MS-DRG",31,0,0,,0,10/1/2013,2014
"145",145,0,"MS-DRG",31,0,0,,0,10/1/2013,2014
"146",146,2.0402,"MS-DRG",31,5.59999990463257,0,,8.19999980926514,10/1/2013,2014
"147",147,1.2317,"MS-DRG",31,3.90000009536743,0,,5.40000009536743,10/1/2013,2014
"148",148,0.7688,"MS-DRG",31,2.29999995231628,0,,3,10/1/2013,2014
"149",149,0.6184,"MS-DRG",31,2.09999990463257,0,,2.5,10/1/2013,2014
"150",150,1.3298,"MS-DRG",31,3.70000004768372,0,,4.90000009536743,10/1/2013,2014
"151",151,0.6557,"MS-DRG",31,2.20000004768372,0,,2.79999995231628,10/1/2013,2014
"152",152,1.0042,"MS-DRG",31,3.29999995231628,0,,4.30000019073486,10/1/2013,2014
"153",153,0.6439,"MS-DRG",31,2.40000009536743,0,,2.90000009536743,10/1/2013,2014
"154",154,1.3785,"MS-DRG",31,4.09999990463257,0,,5.5,10/1/2013,2014
"155",155,0.861,"MS-DRG",31,3.09999990463257,0,,3.90000009536743,10/1/2013,2014
"156",156,0.616,"MS-DRG",31,2.29999995231628,0,,2.79999995231628,10/1/2013,2014
"157",157,1.538,"MS-DRG",31,4.5,0,,6.09999990463257,10/1/2013,2014
"158",158,0.8525,"MS-DRG",31,3.09999990463257,0,,3.90000009536743,10/1/2013,2014
"159",159,0.61,"MS-DRG",31,2.09999990463257,0,,2.59999990463257,10/1/2013,2014
"160",160,0,"MS-DRG",31,0,0,,0,10/1/2013,2014
"161",161,0,"MS-DRG",31,0,0,,0,10/1/2013,2014
"162",162,0,"MS-DRG",31,0,0,,0,10/1/2013,2014
"163",163,5.0952,"MS-DRG",31,11,0,,13.3999996185303,10/1/2013,2014
"164",164,2.6086,"MS-DRG",31,5.59999990463257,0,,6.69999980926514,10/1/2013,2014
"165",165,1.7943,"MS-DRG",31,3.29999995231628,0,,4,10/1/2013,2014
"166",166,3.6741,"MS-DRG",31,8.80000019073486,0,,11.1999998092651,10/1/2013,2014
"167",167,1.986,"MS-DRG",31,5.19999980926514,0,,6.59999990463257,10/1/2013,2014
"168",168,1.3101,"MS-DRG",31,3,0,,3.90000009536743,10/1/2013,2014
"169",169,0,"MS-DRG",31,0,0,,0,10/1/2013,2014
"170",170,0,"MS-DRG",31,0,0,,0,10/1/2013,2014
"171",171,0,"MS-DRG",31,0,0,,0,10/1/2013,2014
"172",172,0,"MS-DRG",31,0,0,,0,10/1/2013,2014
"173",173,0,"MS-DRG",31,0,0,,0,10/1/2013,2014
"174",174,0,"MS-DRG",31,0,0,,0,10/1/2013,2014
"175",175,1.5346,"MS-DRG",31,5.30000019073486,0,,6.40000009536743,10/1/2013,2014
"176",176,0.9891,"MS-DRG",31,3.70000004768372,0,,4.40000009536743,10/1/2013,2014
"177",177,1.9934,"MS-DRG",31,6.40000009536743,0,,7.90000009536743,10/1/2013,2014
"178",178,1.3955,"MS-DRG",31,5.09999990463257,0,,6.09999990463257,10/1/2013,2014
"179",179,0.9741,"MS-DRG",31,3.70000004768372,0,,4.5,10/1/2013,2014
"180",180,1.7026,"MS-DRG",31,5.40000009536743,0,,7.09999990463257,10/1/2013,2014
"181",181,1.1725,"MS-DRG",31,3.79999995231628,0,,5,10/1/2013,2014
"182",182,0.7905,"MS-DRG",31,2.59999990463257,0,,3.29999995231628,10/1/2013,2014
"183",183,1.4649,"MS-DRG",31,4.80000019073486,0,,5.90000009536743,10/1/2013,2014
"184",184,0.9832,"MS-DRG",31,3.40000009536743,0,,4.09999990463257,10/1/2013,2014
"185",185,0.6907,"MS-DRG",31,2.5,0,,2.90000009536743,10/1/2013,2014
"186",186,1.5727,"MS-DRG",31,4.90000009536743,0,,6.30000019073486,10/1/2013,2014
"187",187,1.0808,"MS-DRG",31,3.59999990463257,0,,4.5,10/1/2013,2014
"188",188,0.7468,"MS-DRG",31,2.59999990463257,0,,3.29999995231628,10/1/2013,2014
"189",189,1.2184,"MS-DRG",31,3.90000009536743,0,,5,10/1/2013,2014
"190",190,1.1708,"MS-DRG",31,4.19999980926514,0,,5.09999990463257,10/1/2013,2014
"191",191,0.9343,"MS-DRG",31,3.5,0,,4.19999980926514,10/1/2013,2014
"192",192,0.712,"MS-DRG",31,2.79999995231628,0,,3.29999995231628,10/1/2013,2014
"193",193,1.455,"MS-DRG",31,5,0,,6.09999990463257,10/1/2013,2014
"194",194,0.9771,"MS-DRG",31,3.79999995231628,0,,4.59999990463257,10/1/2013,2014
"195",195,0.6997,"MS-DRG",31,2.90000009536743,0,,3.40000009536743,10/1/2013,2014
"196",196,1.6686,"MS-DRG",31,5.40000009536743,0,,6.80000019073486,10/1/2013,2014
"197",197,1.0627,"MS-DRG",31,3.79999995231628,0,,4.69999980926514,10/1/2013,2014
"198",198,0.7958,"MS-DRG",31,2.90000009536743,0,,3.59999990463257,10/1/2013,2014
"199",199,1.8127,"MS-DRG",31,5.90000009536743,0,,7.59999990463257,10/1/2013,2014
"200",200,0.9692,"MS-DRG",31,3.29999995231628,0,,4.30000019073486,10/1/2013,2014
"201",201,0.7053,"MS-DRG",31,2.59999990463257,0,,3.29999995231628,10/1/2013,2014
"202",202,0.8678,"MS-DRG",31,3.20000004768372,0,,3.90000009536743,10/1/2013,2014
"203",203,0.6391,"MS-DRG",31,2.5,0,,3,10/1/2013,2014
"204",204,0.678,"MS-DRG",31,2.09999990463257,0,,2.70000004768372,10/1/2013,2014
"205",205,1.3935,"MS-DRG",31,4,0,,5.40000009536743,10/1/2013,2014
"206",206,0.7911,"MS-DRG",31,2.5,0,,3.20000004768372,10/1/2013,2014
"207",207,5.2556,"MS-DRG",31,12.1000003814697,0,,14.1000003814697,10/1/2013,2014
"208",208,2.2871,"MS-DRG",31,5,0,,6.80000019073486,10/1/2013,2014
"209",209,0,"MS-DRG",31,0,0,,0,10/1/2013,2014
"210",210,0,"MS-DRG",31,0,0,,0,10/1/2013,2014
"211",211,0,"MS-DRG",31,0,0,,0,10/1/2013,2014
"212",212,0,"MS-DRG",31,0,0,,0,10/1/2013,2014
"213",213,0,"MS-DRG",31,0,0,,0,10/1/2013,2014
"214",214,0,"MS-DRG",31,0,0,,0,10/1/2013,2014
"215",215,14.779,"MS-DRG",31,10,0,,16.7000007629395,10/1/2013,2014
"216",216,9.4801,"MS-DRG",31,13.1000003814697,0,,15.8000001907349,10/1/2013,2014
"217",217,6.2835,"MS-DRG",31,8.39999961853027,0,,9.69999980926514,10/1/2013,2014
"218",218,5.4262,"MS-DRG",31,6.09999990463257,0,,7.19999980926514,10/1/2013,2014
"219",219,7.9191,"MS-DRG",31,10,0,,12.1000003814697,10/1/2013,2014
"220",220,5.2917,"MS-DRG",31,6.59999990463257,0,,7.30000019073486,10/1/2013,2014
"221",221,4.6424,"MS-DRG",31,4.90000009536743,0,,5.5,10/1/2013,2014
"222",222,8.8167,"MS-DRG",31,9.60000038146973,0,,11.8999996185303,10/1/2013,2014
"223",223,6.4257,"MS-DRG",31,4.59999990463257,0,,6.19999980926514,10/1/2013,2014
"224",224,7.7224,"MS-DRG",31,8.10000038146973,0,,10,10/1/2013,2014
"225",225,5.9206,"MS-DRG",31,4.09999990463257,0,,4.90000009536743,10/1/2013,2014
"226",226,7.0099,"MS-DRG",31,6,0,,8.39999961853027,10/1/2013,2014
"227",227,5.5397,"MS-DRG",31,2.20000004768372,0,,3.20000004768372,10/1/2013,2014
"228",228,6.8682,"MS-DRG",31,11.1000003814697,0,,13.1999998092651,10/1/2013,2014
"229",229,4.4413,"MS-DRG",31,6.90000009536743,0,,7.80000019073486,10/1/2013,2014
"230",230,3.6669,"MS-DRG",31,4.40000009536743,0,,5.09999990463257,10/1/2013,2014
"231",231,7.8158,"MS-DRG",31,10.6999998092651,0,,12.3999996185303,10/1/2013,2014
"232",232,5.6145,"MS-DRG",31,8.10000038146973,0,,8.89999961853027,10/1/2013,2014
"233",233,7.3887,"MS-DRG",31,11.8999996185303,0,,13.3999996185303,10/1/2013,2014
"234",234,4.827,"MS-DRG",31,8,0,,8.60000038146973,10/1/2013,2014
"235",235,5.8478,"MS-DRG",31,9.19999980926514,0,,10.6000003814697,10/1/2013,2014
"236",236,3.8011,"MS-DRG",31,6,0,,6.5,10/1/2013,2014
"237",237,5.0962,"MS-DRG",31,6.90000009536743,0,,9.80000019073486,10/1/2013,2014
"238",238,3.3576,"MS-DRG",31,2.59999990463257,0,,3.79999995231628,10/1/2013,2014
"239",239,4.8601,"MS-DRG",31,10.8999996185303,0,,13.8999996185303,10/1/2013,2014
"240",240,2.6789,"MS-DRG",31,7.19999980926514,0,,8.80000019073486,10/1/2013,2014
"241",241,1.4226,"MS-DRG",31,4.59999990463257,0,,5.5,10/1/2013,2014
"242",242,3.7491,"MS-DRG",31,5.90000009536743,0,,7.59999990463257,10/1/2013,2014
"243",243,2.6716,"MS-DRG",31,3.70000004768372,0,,4.59999990463257,10/1/2013,2014
"244",244,2.1608,"MS-DRG",31,2.40000009536743,0,,2.90000009536743,10/1/2013,2014
"245",245,4.7022,"MS-DRG",31,3.29999995231628,0,,4.69999980926514,10/1/2013,2014
"246",246,3.183,"MS-DRG",31,3.90000009536743,0,,5.19999980926514,10/1/2013,2014
"247",247,2.0408,"MS-DRG",31,2.09999990463257,0,,2.5,10/1/2013,2014
"248",248,2.9479,"MS-DRG",31,4.59999990463257,0,,6.19999980926514,10/1/2013,2014
"249",249,1.8245,"MS-DRG",31,2.40000009536743,0,,3,10/1/2013,2014
"250",250,2.9881,"MS-DRG",31,5.09999990463257,0,,7,10/1/2013,2014
"251",251,1.9737,"MS-DRG",31,2.40000009536743,0,,3.09999990463257,10/1/2013,2014
"252",252,3.1477,"MS-DRG",31,5.30000019073486,0,,7.69999980926514,10/1/2013,2014
"253",253,2.5172,"MS-DRG",31,4.09999990463257,0,,5.5,10/1/2013,2014
"254",254,1.7012,"MS-DRG",31,2.20000004768372,0,,2.90000009536743,10/1/2013,2014
"255",255,2.6404,"MS-DRG",31,6.80000019073486,0,,8.80000019073486,10/1/2013,2014
"256",256,1.5973,"MS-DRG",31,5.30000019073486,0,,6.5,10/1/2013,2014
"257",257,0.9017,"MS-DRG",31,3,0,,3.70000004768372,10/1/2013,2014
"258",258,2.7229,"MS-DRG",31,4.90000009536743,0,,6.19999980926514,10/1/2013,2014
"259",259,1.9462,"MS-DRG",31,2.70000004768372,0,,3.40000009536743,10/1/2013,2014
"260",260,3.7238,"MS-DRG",31,7.69999980926514,0,,10.5,10/1/2013,2014
"261",261,1.7284,"MS-DRG",31,3.20000004768372,0,,4.30000019073486,10/1/2013,2014
"262",262,1.3866,"MS-DRG",31,2.29999995231628,0,,2.90000009536743,10/1/2013,2014
"263",263,1.8888,"MS-DRG",31,3.59999990463257,0,,5.19999980926514,10/1/2013,2014
"264",264,2.7138,"MS-DRG",31,5.59999990463257,0,,8.19999980926514,10/1/2013,2014
"265",265,2.689,"MS-DRG",31,2.5,0,,3.59999990463257,10/1/2013,2014
"266",266,0,"MS-DRG",31,0,0,,0,10/1/2013,2014
"267",267,0,"MS-DRG",31,0,0,,0,10/1/2013,2014
"268",268,0,"MS-DRG",31,0,0,,0,10/1/2013,2014
"269",269,0,"MS-DRG",31,0,0,,0,10/1/2013,2014
"270",270,0,"MS-DRG",31,0,0,,0,10/1/2013,2014
"271",271,0,"MS-DRG",31,0,0,,0,10/1/2013,2014
"272",272,0,"MS-DRG",31,0,0,,0,10/1/2013,2014
"273",273,0,"MS-DRG",31,0,0,,0,10/1/2013,2014
"274",274,0,"MS-DRG",31,0,0,,0,10/1/2013,2014
"275",275,0,"MS-DRG",31,0,0,,0,10/1/2013,2014
"276",276,0,"MS-DRG",31,0,0,,0,10/1/2013,2014
"277",277,0,"MS-DRG",31,0,0,,0,10/1/2013,2014
"278",278,0,"MS-DRG",31,0,0,,0,10/1/2013,2014
"279",279,0,"MS-DRG",31,0,0,,0,10/1/2013,2014
"280",280,1.7431,"MS-DRG",31,4.69999980926514,0,,6,10/1/2013,2014
"281",281,1.0568,"MS-DRG",31,3.09999990463257,0,,3.79999995231628,10/1/2013,2014
"282",282,0.7551,"MS-DRG",31,2.09999990463257,0,,2.5,10/1/2013,2014
"283",283,1.6885,"MS-DRG",31,3,0,,4.69999980926514,10/1/2013,2014
"284",284,0.7614,"MS-DRG",31,1.79999995231628,0,,2.5,10/1/2013,2014
"285",285,0.5227,"MS-DRG",31,1.39999997615814,0,,1.70000004768372,10/1/2013,2014
"286",286,2.1058,"MS-DRG",31,4.90000009536743,0,,6.69999980926514,10/1/2013,2014
"287",287,1.0866,"MS-DRG",31,2.40000009536743,0,,3.09999990463257,10/1/2013,2014
"288",288,2.7956,"MS-DRG",31,7.80000019073486,0,,9.89999961853027,10/1/2013,2014
"289",289,1.7891,"MS-DRG",31,5.69999980926514,0,,7,10/1/2013,2014
"290",290,1.2359,"MS-DRG",31,3.90000009536743,0,,4.80000019073486,10/1/2013,2014
"291",291,1.5031,"MS-DRG",31,4.59999990463257,0,,5.90000009536743,10/1/2013,2014
"292",292,0.9938,"MS-DRG",31,3.70000004768372,0,,4.5,10/1/2013,2014
"293",293,0.6723,"MS-DRG",31,2.59999990463257,0,,3.09999990463257,10/1/2013,2014
"294",294,0.9439,"MS-DRG",31,4,0,,4.90000009536743,10/1/2013,2014
"295",295,0.6287,"MS-DRG",31,3.09999990463257,0,,3.59999990463257,10/1/2013,2014
"296",296,1.3013,"MS-DRG",31,1.89999997615814,0,,2.90000009536743,10/1/2013,2014
"297",297,0.6063,"MS-DRG",31,1.20000004768372,0,,1.5,10/1/2013,2014
"298",298,0.426,"MS-DRG",31,1,0,,1.10000002384186,10/1/2013,2014
"299",299,1.3647,"MS-DRG",31,4.40000009536743,0,,5.59999990463257,10/1/2013,2014
"300",300,0.9666,"MS-DRG",31,3.59999990463257,0,,4.5,10/1/2013,2014
"301",301,0.6681,"MS-DRG",31,2.70000004768372,0,,3.29999995231628,10/1/2013,2014
"302",302,1.0287,"MS-DRG",31,2.90000009536743,0,,3.90000009536743,10/1/2013,2014
"303",303,0.6034,"MS-DRG",31,1.89999997615814,0,,2.29999995231628,10/1/2013,2014
"304",304,1.0268,"MS-DRG",31,3.29999995231628,0,,4.40000009536743,10/1/2013,2014
"305",305,0.6176,"MS-DRG",31,2.09999990463257,0,,2.59999990463257,10/1/2013,2014
"306",306,1.3659,"MS-DRG",31,3.90000009536743,0,,5.30000019073486,10/1/2013,2014
"307",307,0.7917,"MS-DRG",31,2.59999990463257,0,,3.29999995231628,10/1/2013,2014
"308",308,1.2088,"MS-DRG",31,3.79999995231628,0,,4.90000009536743,10/1/2013,2014
"309",309,0.7867,"MS-DRG",31,2.70000004768372,0,,3.29999995231628,10/1/2013,2014
"310",310,0.5512,"MS-DRG",31,1.89999997615814,0,,2.29999995231628,10/1/2013,2014
"311",311,0.5649,"MS-DRG",31,1.79999995231628,0,,2.20000004768372,10/1/2013,2014
"312",312,0.7228,"MS-DRG",31,2.40000009536743,0,,3,10/1/2013,2014
"313",313,0.5992,"MS-DRG",31,1.79999995231628,0,,2.09999990463257,10/1/2013,2014
"314",314,1.8941,"MS-DRG",31,4.90000009536743,0,,6.69999980926514,10/1/2013,2014
"315",315,0.9534,"MS-DRG",31,3.09999990463257,0,,4,10/1/2013,2014
"316",316,0.6358,"MS-DRG",31,2,0,,2.5,10/1/2013,2014
"317",317,0,"MS-DRG",31,0,0,,0,10/1/2013,2014
"318",318,0,"MS-DRG",31,0,0,,0,10/1/2013,2014
"319",319,0,"MS-DRG",31,0,0,,0,10/1/2013,2014
"320",320,0,"MS-DRG",31,0,0,,0,10/1/2013,2014
"321",321,0,"MS-DRG",31,0,0,,0,10/1/2013,2014
"322",322,0,"MS-DRG",31,0,0,,0,10/1/2013,2014
"323",323,0,"MS-DRG",31,0,0,,0,10/1/2013,2014
"324",324,0,"MS-DRG",31,0,0,,0,10/1/2013,2014
"325",325,0,"MS-DRG",31,0,0,,0,10/1/2013,2014
"326",326,5.6013,"MS-DRG",31,11.6000003814697,0,,14.8999996185303,10/1/2013,2014
"327",327,2.6598,"MS-DRG",31,6.09999990463257,0,,8,10/1/2013,2014
"328",328,1.4765,"MS-DRG",31,2.59999990463257,0,,3.40000009536743,10/1/2013,2014
"329",329,5.1272,"MS-DRG",31,11.8999996185303,0,,14.6000003814697,10/1/2013,2014
"330",330,2.5609,"MS-DRG",31,7.30000019073486,0,,8.5,10/1/2013,2014
"331",331,1.638,"MS-DRG",31,4.40000009536743,0,,4.90000009536743,10/1/2013,2014
"332",332,4.7072,"MS-DRG",31,10.8999996185303,0,,13.1999998092651,10/1/2013,2014
"333",333,2.4466,"MS-DRG",31,6.40000009536743,0,,7.40000009536743,10/1/2013,2014
"334",334,1.5849,"MS-DRG",31,3.70000004768372,0,,4.30000019073486,10/1/2013,2014
"335",335,4.1615,"MS-DRG",31,10.6999998092651,0,,13,10/1/2013,2014
"336",336,2.3513,"MS-DRG",31,7,0,,8.39999961853027,10/1/2013,2014
"337",337,1.5742,"MS-DRG",31,4.09999990463257,0,,5,10/1/2013,2014
"338",338,3.1217,"MS-DRG",31,7.80000019073486,0,,9.5,10/1/2013,2014
"339",339,1.7117,"MS-DRG",31,5.09999990463257,0,,6,10/1/2013,2014
"340",340,1.1741,"MS-DRG",31,3,0,,3.5,10/1/2013,2014
"341",341,2.1821,"MS-DRG",31,4.59999990463257,0,,6.30000019073486,10/1/2013,2014
"342",342,1.2968,"MS-DRG",31,2.79999995231628,0,,3.5,10/1/2013,2014
"343",343,0.9358,"MS-DRG",31,1.60000002384186,0,,1.89999997615814,10/1/2013,2014
"344",344,3.5966,"MS-DRG",31,8.89999961853027,0,,11.3000001907349,10/1/2013,2014
"345",345,1.6865,"MS-DRG",31,5.5,0,,6.5,10/1/2013,2014
"346",346,1.2174,"MS-DRG",31,4,0,,4.40000009536743,10/1/2013,2014
"347",347,2.5182,"MS-DRG",31,6.30000019073486,0,,8.5,10/1/2013,2014
"348",348,1.3585,"MS-DRG",31,4,0,,5.09999990463257,10/1/2013,2014
"349",349,0.8834,"MS-DRG",31,2.40000009536743,0,,3,10/1/2013,2014
"350",350,2.4598,"MS-DRG",31,5.80000019073486,0,,7.80000019073486,10/1/2013,2014
"351",351,1.3761,"MS-DRG",31,3.5,0,,4.5,10/1/2013,2014
"352",352,0.9239,"MS-DRG",31,2,0,,2.5,10/1/2013,2014
"353",353,2.7885,"MS-DRG",31,6.19999980926514,0,,8,10/1/2013,2014
"354",354,1.6401,"MS-DRG",31,4,0,,5,10/1/2013,2014
"355",355,1.1783,"MS-DRG",31,2.5,0,,3,10/1/2013,2014
"356",356,3.8388,"MS-DRG",31,8.60000038146973,0,,11.5,10/1/2013,2014
"357",357,2.1448,"MS-DRG",31,5.40000009536743,0,,6.90000009536743,10/1/2013,2014
"358",358,1.3942,"MS-DRG",31,3.20000004768372,0,,4.09999990463257,10/1/2013,2014
"359",359,0,"MS-DRG",31,0,0,,0,10/1/2013,2014
"360",360,0,"MS-DRG",31,0,0,,0,10/1/2013,2014
"361",361,0,"MS-DRG",31,0,0,,0,10/1/2013,2014
"362",362,0,"MS-DRG",31,0,0,,0,10/1/2013,2014
"363",363,0,"MS-DRG",31,0,0,,0,10/1/2013,2014
"364",364,0,"MS-DRG",31,0,0,,0,10/1/2013,2014
"365",365,0,"MS-DRG",31,0,0,,0,10/1/2013,2014
"366",366,0,"MS-DRG",31,0,0,,0,10/1/2013,2014
"367",367,0,"MS-DRG",31,0,0,,0,10/1/2013,2014
"368",368,1.8779,"MS-DRG",31,5,0,,6.59999990463257,10/1/2013,2014
"369",369,1.066,"MS-DRG",31,3.5,0,,4.19999980926514,10/1/2013,2014
"370",370,0.7486,"MS-DRG",31,2.5,0,,3,10/1/2013,2014
"371",371,1.9027,"MS-DRG",31,6.19999980926514,0,,7.90000009536743,10/1/2013,2014
"372",372,1.1733,"MS-DRG",31,4.80000019073486,0,,5.80000019073486,10/1/2013,2014
"373",373,0.8103,"MS-DRG",31,3.59999990463257,0,,4.19999980926514,10/1/2013,2014
"374",374,2.1051,"MS-DRG",31,6.19999980926514,0,,8.39999961853027,10/1/2013,2014
"375",375,1.2561,"MS-DRG",31,4.19999980926514,0,,5.40000009536743,10/1/2013,2014
"376",376,0.8738,"MS-DRG",31,2.70000004768372,0,,3.5,10/1/2013,2014
"377",377,1.7629,"MS-DRG",31,4.80000019073486,0,,6.09999990463257,10/1/2013,2014
"378",378,1.0029,"MS-DRG",31,3.29999995231628,0,,3.90000009536743,10/1/2013,2014
"379",379,0.6937,"MS-DRG",31,2.40000009536743,0,,2.79999995231628,10/1/2013,2014
"380",380,1.9223,"MS-DRG",31,5.5,0,,7.19999980926514,10/1/2013,2014
"381",381,1.1199,"MS-DRG",31,3.79999995231628,0,,4.59999990463257,10/1/2013,2014
"382",382,0.7784,"MS-DRG",31,2.70000004768372,0,,3.29999995231628,10/1/2013,2014
"383",383,1.385,"MS-DRG",31,4.40000009536743,0,,5.5,10/1/2013,2014
"384",384,0.8501,"MS-DRG",31,3,0,,3.59999990463257,10/1/2013,2014
"385",385,1.7973,"MS-DRG",31,6,0,,7.80000019073486,10/1/2013,2014
"386",386,1.0097,"MS-DRG",31,4,0,,5,10/1/2013,2014
"387",387,0.7533,"MS-DRG",31,3.09999990463257,0,,3.79999995231628,10/1/2013,2014
"388",388,1.617,"MS-DRG",31,5.30000019073486,0,,7,10/1/2013,2014
"389",389,0.8853,"MS-DRG",31,3.59999990463257,0,,4.5,10/1/2013,2014
"390",390,0.6046,"MS-DRG",31,2.70000004768372,0,,3.20000004768372,10/1/2013,2014
"391",391,1.1903,"MS-DRG",31,3.90000009536743,0,,5.09999990463257,10/1/2013,2014
"392",392,0.7395,"MS-DRG",31,2.90000009536743,0,,3.5,10/1/2013,2014
"393",393,1.6563,"MS-DRG",31,4.69999980926514,0,,6.5,10/1/2013,2014
"394",394,0.9653,"MS-DRG",31,3.5,0,,4.40000009536743,10/1/2013,2014
"395",395,0.6669,"MS-DRG",31,2.40000009536743,0,,3,10/1/2013,2014
"396",396,0,"MS-DRG",31,0,0,,0,10/1/2013,2014
"397",397,0,"MS-DRG",31,0,0,,0,10/1/2013,2014
"398",398,0,"MS-DRG",31,0,0,,0,10/1/2013,2014
"399",399,0,"MS-DRG",31,0,0,,0,10/1/2013,2014
"400",400,0,"MS-DRG",31,0,0,,0,10/1/2013,2014
"401",401,0,"MS-DRG",31,0,0,,0,10/1/2013,2014
"402",402,0,"MS-DRG",31,0,0,,0,10/1/2013,2014
"403",403,0,"MS-DRG",31,0,0,,0,10/1/2013,2014
"404",404,0,"MS-DRG",31,0,0,,0,10/1/2013,2014
"405",405,5.4333,"MS-DRG",31,11,0,,14.5,10/1/2013,2014
"406",406,2.7667,"MS-DRG",31,6,0,,7.59999990463257,10/1/2013,2014
"407",407,1.9139,"MS-DRG",31,4.19999980926514,0,,5.09999990463257,10/1/2013,2014
"408",408,4.1182,"MS-DRG",31,10.6000003814697,0,,13.1999998092651,10/1/2013,2014
"409",409,2.4337,"MS-DRG",31,6.69999980926514,0,,7.90000009536743,10/1/2013,2014
"410",410,1.5123,"MS-DRG",31,4.30000019073486,0,,5,10/1/2013,2014
"411",411,3.5968,"MS-DRG",31,9.30000019073486,0,,11.3000001907349,10/1/2013,2014
"412",412,2.3659,"MS-DRG",31,6.5,0,,7.59999990463257,10/1/2013,2014
"413",413,1.722,"MS-DRG",31,4.19999980926514,0,,5,10/1/2013,2014
"414",414,3.6208,"MS-DRG",31,8.80000019073486,0,,10.6000003814697,10/1/2013,2014
"415",415,2.0173,"MS-DRG",31,5.80000019073486,0,,6.69999980926514,10/1/2013,2014
"416",416,1.3268,"MS-DRG",31,3.5,0,,4.09999990463257,10/1/2013,2014
"417",417,2.4784,"MS-DRG",31,6,0,,7.5,10/1/2013,2014
"418",418,1.6536,"MS-DRG",31,4.09999990463257,0,,5,10/1/2013,2014
"419",419,1.2239,"MS-DRG",31,2.59999990463257,0,,3.09999990463257,10/1/2013,2014
"420",420,3.6786,"MS-DRG",31,8.69999980926514,0,,12.3000001907349,10/1/2013,2014
"421",421,1.7714,"MS-DRG",31,4.59999990463257,0,,6.30000019073486,10/1/2013,2014
"422",422,1.2175,"MS-DRG",31,3.09999990463257,0,,3.90000009536743,10/1/2013,2014
"423",423,4.2183,"MS-DRG",31,9.60000038146973,0,,13,10/1/2013,2014
"424",424,2.3149,"MS-DRG",31,6.30000019073486,0,,8.19999980926514,10/1/2013,2014
"425",425,1.6396,"MS-DRG",31,3.79999995231628,0,,4.90000009536743,10/1/2013,2014
"426",426,0,"MS-DRG",31,0,0,,0,10/1/2013,2014
"427",427,0,"MS-DRG",31,0,0,,0,10/1/2013,2014
"428",428,0,"MS-DRG",31,0,0,,0,10/1/2013,2014
"429",429,0,"MS-DRG",31,0,0,,0,10/1/2013,2014
"430",430,0,"MS-DRG",31,0,0,,0,10/1/2013,2014
"431",431,0,"MS-DRG",31,0,0,,0,10/1/2013,2014
"432",432,1.715,"MS-DRG",31,4.69999980926514,0,,6.30000019073486,10/1/2013,2014
"433",433,0.9249,"MS-DRG",31,3.29999995231628,0,,4.09999990463257,10/1/2013,2014
"434",434,0.6156,"MS-DRG",31,2.40000009536743,0,,3,10/1/2013,2014
"435",435,1.7356,"MS-DRG",31,5.19999980926514,0,,6.90000009536743,10/1/2013,2014
"436",436,1.1548,"MS-DRG",31,3.90000009536743,0,,5,10/1/2013,2014
"437",437,0.9282,"MS-DRG",31,2.79999995231628,0,,3.59999990463257,10/1/2013,2014
"438",438,1.721,"MS-DRG",31,5.09999990463257,0,,7,10/1/2013,2014
"439",439,0.9162,"MS-DRG",31,3.59999990463257,0,,4.5,10/1/2013,2014
"440",440,0.6452,"MS-DRG",31,2.70000004768372,0,,3.20000004768372,10/1/2013,2014
"441",441,1.8534,"MS-DRG",31,5,0,,6.80000019073486,10/1/2013,2014
"442",442,0.928,"MS-DRG",31,3.40000009536743,0,,4.30000019073486,10/1/2013,2014
"443",443,0.6418,"MS-DRG",31,2.59999990463257,0,,3.20000004768372,10/1/2013,2014
"444",444,1.606,"MS-DRG",31,4.69999980926514,0,,6.09999990463257,10/1/2013,2014
"445",445,1.0476,"MS-DRG",31,3.40000009536743,0,,4.19999980926514,10/1/2013,2014
"446",446,0.7499,"MS-DRG",31,2.40000009536743,0,,2.90000009536743,10/1/2013,2014
"447",447,0,"MS-DRG",31,0,0,,0,10/1/2013,2014
"448",448,0,"MS-DRG",31,0,0,,0,10/1/2013,2014
"449",449,0,"MS-DRG",31,0,0,,0,10/1/2013,2014
"450",450,0,"MS-DRG",31,0,0,,0,10/1/2013,2014
"451",451,0,"MS-DRG",31,0,0,,0,10/1/2013,2014
"452",452,0,"MS-DRG",31,0,0,,0,10/1/2013,2014
"453",453,11.7453,"MS-DRG",31,9.69999980926514,0,,12.1999998092651,10/1/2013,2014
"454",454,8.02,"MS-DRG",31,5.09999990463257,0,,6.09999990463257,10/1/2013,2014
"455",455,6.2882,"MS-DRG",31,3.09999990463257,0,,3.59999990463257,10/1/2013,2014
"456",456,9.5871,"MS-DRG",31,10.1999998092651,0,,12.5,10/1/2013,2014
"457",457,6.8188,"MS-DRG",31,5.59999990463257,0,,6.5,10/1/2013,2014
"458",458,5.1378,"MS-DRG",31,3.29999995231628,0,,3.79999995231628,10/1/2013,2014
"459",459,6.8163,"MS-DRG",31,7.09999990463257,0,,8.69999980926514,10/1/2013,2014
"460",460,4.0221,"MS-DRG",31,3.09999990463257,0,,3.59999990463257,10/1/2013,2014
"461",461,5.0254,"MS-DRG",31,6.09999990463257,0,,7.5,10/1/2013,2014
"462",462,3.519,"MS-DRG",31,3.5,0,,3.79999995231628,10/1/2013,2014
"463",463,5.1152,"MS-DRG",31,10.3999996185303,0,,14,10/1/2013,2014
"464",464,3.0243,"MS-DRG",31,6.19999980926514,0,,8,10/1/2013,2014
"465",465,1.9199,"MS-DRG",31,3.79999995231628,0,,4.80000019073486,10/1/2013,2014
"466",466,5.2748,"MS-DRG",31,7,0,,8.60000038146973,10/1/2013,2014
"467",467,3.414,"MS-DRG",31,3.90000009536743,0,,4.5,10/1/2013,2014
"468",468,2.7624,"MS-DRG",31,3,0,,3.20000004768372,10/1/2013,2014
"469",469,3.4377,"MS-DRG",31,6.19999980926514,0,,7.40000009536743,10/1/2013,2014
"470",470,2.1463,"MS-DRG",31,3.09999990463257,0,,3.40000009536743,10/1/2013,2014
"471",471,4.9444,"MS-DRG",31,6.40000009536743,0,,8.89999961853027,10/1/2013,2014
"472",472,2.9288,"MS-DRG",31,2.5,0,,3.5,10/1/2013,2014
"473",473,2.2458,"MS-DRG",31,1.5,0,,1.79999995231628,10/1/2013,2014
"474",474,3.6884,"MS-DRG",31,8.80000019073486,0,,11.1999998092651,10/1/2013,2014
"475",475,2.0488,"MS-DRG",31,5.69999980926514,0,,7.09999990463257,10/1/2013,2014
"476",476,1.0717,"MS-DRG",31,3.09999990463257,0,,3.90000009536743,10/1/2013,2014
"477",477,3.2827,"MS-DRG",31,8.60000038146973,0,,10.8000001907349,10/1/2013,2014
"478",478,2.2115,"MS-DRG",31,5.40000009536743,0,,6.69999980926514,10/1/2013,2014
"479",479,1.734,"MS-DRG",31,3.29999995231628,0,,4.19999980926514,10/1/2013,2014
"480",480,3.0694,"MS-DRG",31,7.09999990463257,0,,8.30000019073486,10/1/2013,2014
"481",481,1.9721,"MS-DRG",31,4.80000019073486,0,,5.19999980926514,10/1/2013,2014
"482",482,1.6305,"MS-DRG",31,3.90000009536743,0,,4.19999980926514,10/1/2013,2014
"483",483,2.6488,"MS-DRG",31,2.79999995231628,0,,3.40000009536743,10/1/2013,2014
"484",484,2.2298,"MS-DRG",31,1.79999995231628,0,,2,10/1/2013,2014
"485",485,3.2719,"MS-DRG",31,8.39999961853027,0,,10.3000001907349,10/1/2013,2014
"486",486,2.0199,"MS-DRG",31,5.59999990463257,0,,6.5,10/1/2013,2014
"487",487,1.5215,"MS-DRG",31,4.09999990463257,0,,4.59999990463257,10/1/2013,2014
"488",488,1.7379,"MS-DRG",31,3.5,0,,4.30000019073486,10/1/2013,2014
"489",489,1.2799,"MS-DRG",31,2.5,0,,2.79999995231628,10/1/2013,2014
"490",490,1.8845,"MS-DRG",31,3.40000009536743,0,,4.59999990463257,10/1/2013,2014
"491",491,1.0893,"MS-DRG",31,1.89999997615814,0,,2.29999995231628,10/1/2013,2014
"492",492,3.1831,"MS-DRG",31,6.40000009536743,0,,8,10/1/2013,2014
"493",493,1.9971,"MS-DRG",31,4,0,,4.80000019073486,10/1/2013,2014
"494",494,1.5073,"MS-DRG",31,2.70000004768372,0,,3.20000004768372,10/1/2013,2014
"495",495,2.911,"MS-DRG",31,7.19999980926514,0,,9.60000038146973,10/1/2013,2014
"496",496,1.729,"MS-DRG",31,4,0,,5.19999980926514,10/1/2013,2014
"497",497,1.1731,"MS-DRG",31,2.09999990463257,0,,2.59999990463257,10/1/2013,2014
"498",498,2.1924,"MS-DRG",31,5.30000019073486,0,,7.19999980926514,10/1/2013,2014
"499",499,0.9577,"MS-DRG",31,2.09999990463257,0,,2.59999990463257,10/1/2013,2014
"500",500,3.0116,"MS-DRG",31,7.30000019073486,0,,9.80000019073486,10/1/2013,2014
"501",501,1.5804,"MS-DRG",31,4.40000009536743,0,,5.5,10/1/2013,2014
"502",502,1.1277,"MS-DRG",31,2.40000009536743,0,,2.90000009536743,10/1/2013,2014
"503",503,2.2584,"MS-DRG",31,6.30000019073486,0,,7.80000019073486,10/1/2013,2014
"504",504,1.6133,"MS-DRG",31,4.90000009536743,0,,5.90000009536743,10/1/2013,2014
"505",505,1.2072,"MS-DRG",31,2.70000004768372,0,,3.29999995231628,10/1/2013,2014
"506",506,1.2041,"MS-DRG",31,2.90000009536743,0,,3.79999995231628,10/1/2013,2014
"507",507,1.9667,"MS-DRG",31,4.09999990463257,0,,5.59999990463257,10/1/2013,2014
"508",508,1.319,"MS-DRG",31,2,0,,2.40000009536743,10/1/2013,2014
"509",509,1.3245,"MS-DRG",31,2.70000004768372,0,,3.5,10/1/2013,2014
"510",510,2.2717,"MS-DRG",31,4.80000019073486,0,,6,10/1/2013,2014
"511",511,1.5894,"MS-DRG",31,3.20000004768372,0,,3.79999995231628,10/1/2013,2014
"512",512,1.2266,"MS-DRG",31,2,0,,2.29999995231628,10/1/2013,2014
"513",513,1.4122,"MS-DRG",31,3.70000004768372,0,,4.90000009536743,10/1/2013,2014
"514",514,0.8781,"MS-DRG",31,2.20000004768372,0,,2.70000004768372,10/1/2013,2014
"515",515,3.334,"MS-DRG",31,7.5,0,,9.60000038146973,10/1/2013,2014
"516",516,2.016,"MS-DRG",31,4.5,0,,5.5,10/1/2013,2014
"517",517,1.6777,"MS-DRG",31,2.79999995231628,0,,3.40000009536743,10/1/2013,2014
"518",518,0,"MS-DRG",31,0,0,,0,10/1/2013,2014
"519",519,0,"MS-DRG",31,0,0,,0,10/1/2013,2014
"520",520,0,"MS-DRG",31,0,0,,0,10/1/2013,2014
"521",521,0,"MS-DRG",31,0,0,,0,10/1/2013,2014
"522",522,0,"MS-DRG",31,0,0,,0,10/1/2013,2014
"523",523,0,"MS-DRG",31,0,0,,0,10/1/2013,2014
"524",524,0,"MS-DRG",31,0,0,,0,10/1/2013,2014
"525",525,0,"MS-DRG",31,0,0,,0,10/1/2013,2014
"526",526,0,"MS-DRG",31,0,0,,0,10/1/2013,2014
"527",527,0,"MS-DRG",31,0,0,,0,10/1/2013,2014
"528",528,0,"MS-DRG",31,0,0,,0,10/1/2013,2014
"529",529,0,"MS-DRG",31,0,0,,0,10/1/2013,2014
"530",530,0,"MS-DRG",31,0,0,,0,10/1/2013,2014
"531",531,0,"MS-DRG",31,0,0,,0,10/1/2013,2014
"532",532,0,"MS-DRG",31,0,0,,0,10/1/2013,2014
"533",533,1.3759,"MS-DRG",31,4.30000019073486,0,,5.59999990463257,10/1/2013,2014
"534",534,0.7364,"MS-DRG",31,2.90000009536743,0,,3.59999990463257,10/1/2013,2014
"535",535,1.3085,"MS-DRG",31,4.19999980926514,0,,5.40000009536743,10/1/2013,2014
"536",536,0.7091,"MS-DRG",31,3,0,,3.5,10/1/2013,2014
"537",537,0.8604,"MS-DRG",31,3.40000009536743,0,,4,10/1/2013,2014
"538",538,0.687,"MS-DRG",31,2.40000009536743,0,,2.79999995231628,10/1/2013,2014
"539",539,1.8631,"MS-DRG",31,6.19999980926514,0,,8.10000038146973,10/1/2013,2014
"540",540,1.3063,"MS-DRG",31,4.90000009536743,0,,6.09999990463257,10/1/2013,2014
"541",541,0.9743,"MS-DRG",31,3.59999990463257,0,,4.69999980926514,10/1/2013,2014
"542",542,1.9451,"MS-DRG",31,6,0,,7.90000009536743,10/1/2013,2014
"543",543,1.1267,"MS-DRG",31,4.19999980926514,0,,5.19999980926514,10/1/2013,2014
"544",544,0.7736,"MS-DRG",31,3.20000004768372,0,,3.70000004768372,10/1/2013,2014
"545",545,2.4445,"MS-DRG",31,6,0,,8.5,10/1/2013,2014
"546",546,1.1711,"MS-DRG",31,4,0,,5,10/1/2013,2014
"547",547,0.8061,"MS-DRG",31,2.90000009536743,0,,3.59999990463257,10/1/2013,2014
"548",548,1.7811,"MS-DRG",31,5.90000009536743,0,,7.59999990463257,10/1/2013,2014
"549",549,1.1101,"MS-DRG",31,4.30000019073486,0,,5.19999980926514,10/1/2013,2014
"550",550,0.8149,"MS-DRG",31,3.09999990463257,0,,3.79999995231628,10/1/2013,2014
"551",551,1.6317,"MS-DRG",31,5,0,,6.40000009536743,10/1/2013,2014
"552",552,0.8467,"MS-DRG",31,3.20000004768372,0,,3.90000009536743,10/1/2013,2014
"553",553,1.237,"MS-DRG",31,4.40000009536743,0,,5.59999990463257,10/1/2013,2014
"554",554,0.7181,"MS-DRG",31,2.90000009536743,0,,3.59999990463257,10/1/2013,2014
"555",555,1.1974,"MS-DRG",31,3.70000004768372,0,,5,10/1/2013,2014
"556",556,0.7066,"MS-DRG",31,2.59999990463257,0,,3.20000004768372,10/1/2013,2014
"557",557,1.4756,"MS-DRG",31,5.09999990463257,0,,6.40000009536743,10/1/2013,2014
"558",558,0.8337,"MS-DRG",31,3.40000009536743,0,,4,10/1/2013,2014
"559",559,1.8639,"MS-DRG",31,5,0,,6.90000009536743,10/1/2013,2014
"560",560,1.026,"MS-DRG",31,3.40000009536743,0,,4.40000009536743,10/1/2013,2014
"561",561,0.6408,"MS-DRG",31,2,0,,2.5,10/1/2013,2014
"562",562,1.3528,"MS-DRG",31,4.40000009536743,0,,5.5,10/1/2013,2014
"563",563,0.7535,"MS-DRG",31,3,0,,3.5,10/1/2013,2014
"564",564,1.4855,"MS-DRG",31,4.5,0,,6.09999990463257,10/1/2013,2014
"565",565,0.9281,"MS-DRG",31,3.59999990463257,0,,4.40000009536743,10/1/2013,2014
"566",566,0.6642,"MS-DRG",31,2.59999990463257,0,,3.29999995231628,10/1/2013,2014
"567",567,0,"MS-DRG",31,0,0,,0,10/1/2013,2014
"568",568,0,"MS-DRG",31,0,0,,0,10/1/2013,2014
"569",569,0,"MS-DRG",31,0,0,,0,10/1/2013,2014
"570",570,2.4154,"MS-DRG",31,7.19999980926514,0,,9.39999961853027,10/1/2013,2014
"571",571,1.4906,"MS-DRG",31,5.40000009536743,0,,6.5,10/1/2013,2014
"572",572,1.0077,"MS-DRG",31,3.79999995231628,0,,4.59999990463257,10/1/2013,2014
"573",573,3.4623,"MS-DRG",31,8.19999980926514,0,,12.3000001907349,10/1/2013,2014
"574",574,2.6883,"MS-DRG",31,7.09999990463257,0,,9.60000038146973,10/1/2013,2014
"575",575,1.4376,"MS-DRG",31,4.19999980926514,0,,5.40000009536743,10/1/2013,2014
"576",576,4.2927,"MS-DRG",31,7.90000009536743,0,,12.3000001907349,10/1/2013,2014
"577",577,2.0212,"MS-DRG",31,4,0,,5.90000009536743,10/1/2013,2014
"578",578,1.2617,"MS-DRG",31,2.40000009536743,0,,3.29999995231628,10/1/2013,2014
"579",579,2.6106,"MS-DRG",31,7,0,,9.19999980926514,10/1/2013,2014
"580",580,1.5398,"MS-DRG",31,3.79999995231628,0,,5.09999990463257,10/1/2013,2014
"581",581,1.0605,"MS-DRG",31,2,0,,2.59999990463257,10/1/2013,2014
"582",582,1.1913,"MS-DRG",31,2,0,,2.70000004768372,10/1/2013,2014
"583",583,0.9711,"MS-DRG",31,1.5,0,,1.70000004768372,10/1/2013,2014
"584",584,1.6998,"MS-DRG",31,3.5,0,,4.80000019073486,10/1/2013,2014
"585",585,1.3162,"MS-DRG",31,2,0,,2.59999990463257,10/1/2013,2014
"586",586,0,"MS-DRG",31,0,0,,0,10/1/2013,2014
"587",587,0,"MS-DRG",31,0,0,,0,10/1/2013,2014
"588",588,0,"MS-DRG",31,0,0,,0,10/1/2013,2014
"589",589,0,"MS-DRG",31,0,0,,0,10/1/2013,2014
"590",590,0,"MS-DRG",31,0,0,,0,10/1/2013,2014
"591",591,0,"MS-DRG",31,0,0,,0,10/1/2013,2014
"592",592,1.4131,"MS-DRG",31,5.09999990463257,0,,6.59999990463257,10/1/2013,2014
"593",593,1.0094,"MS-DRG",31,4.19999980926514,0,,5.09999990463257,10/1/2013,2014
"594",594,0.6814,"MS-DRG",31,3.09999990463257,0,,3.90000009536743,10/1/2013,2014
"595",595,1.9464,"MS-DRG",31,5.69999980926514,0,,7.80000019073486,10/1/2013,2014
"596",596,0.9284,"MS-DRG",31,3.59999990463257,0,,4.59999990463257,10/1/2013,2014
"597",597,1.7064,"MS-DRG",31,5.19999980926514,0,,7.09999990463257,10/1/2013,2014
"598",598,1.0817,"MS-DRG",31,3.90000009536743,0,,5.09999990463257,10/1/2013,2014
"599",599,0.6547,"MS-DRG",31,2.5,0,,3.09999990463257,10/1/2013,2014
"600",600,0.9963,"MS-DRG",31,3.79999995231628,0,,4.69999980926514,10/1/2013,2014
"601",601,0.6445,"MS-DRG",31,2.79999995231628,0,,3.40000009536743,10/1/2013,2014
"602",602,1.4607,"MS-DRG",31,5,0,,6.30000019073486,10/1/2013,2014
"603",603,0.8402,"MS-DRG",31,3.59999990463257,0,,4.19999980926514,10/1/2013,2014
"604",604,1.3223,"MS-DRG",31,3.90000009536743,0,,5.09999990463257,10/1/2013,2014
"605",605,0.7372,"MS-DRG",31,2.59999990463257,0,,3.20000004768372,10/1/2013,2014
"606",606,1.3594,"MS-DRG",31,4.30000019073486,0,,6,10/1/2013,2014
"607",607,0.7043,"MS-DRG",31,2.79999995231628,0,,3.59999990463257,10/1/2013,2014
"608",608,0,"MS-DRG",31,0,0,,0,10/1/2013,2014
"609",609,0,"MS-DRG",31,0,0,,0,10/1/2013,2014
"610",610,0,"MS-DRG",31,0,0,,0,10/1/2013,2014
"611",611,0,"MS-DRG",31,0,0,,0,10/1/2013,2014
"612",612,0,"MS-DRG",31,0,0,,0,10/1/2013,2014
"613",613,0,"MS-DRG",31,0,0,,0,10/1/2013,2014
"614",614,2.5455,"MS-DRG",31,4.30000019073486,0,,5.90000009536743,10/1/2013,2014
"615",615,1.4579,"MS-DRG",31,2.29999995231628,0,,2.70000004768372,10/1/2013,2014
"616",616,4.0773,"MS-DRG",31,10.8999996185303,0,,13.1000003814697,10/1/2013,2014
"617",617,2.0071,"MS-DRG",31,6.09999990463257,0,,7.40000009536743,10/1/2013,2014
"618",618,1.2489,"MS-DRG",31,4.30000019073486,0,,5.19999980926514,10/1/2013,2014
"619",619,3.62,"MS-DRG",31,4.80000019073486,0,,7.69999980926514,10/1/2013,2014
"620",620,1.9399,"MS-DRG",31,2.70000004768372,0,,3.20000004768372,10/1/2013,2014
"621",621,1.5772,"MS-DRG",31,1.79999995231628,0,,2,10/1/2013,2014
"622",622,3.3505,"MS-DRG",31,9.10000038146973,0,,12.1999998092651,10/1/2013,2014
"623",623,1.8239,"MS-DRG",31,5.69999980926514,0,,7.09999990463257,10/1/2013,2014
"624",624,0.9635,"MS-DRG",31,3.5,0,,4.19999980926514,10/1/2013,2014
"625",625,2.4009,"MS-DRG",31,4.40000009536743,0,,7.30000019073486,10/1/2013,2014
"626",626,1.2459,"MS-DRG",31,2,0,,2.79999995231628,10/1/2013,2014
"627",627,0.8458,"MS-DRG",31,1.29999995231628,0,,1.39999997615814,10/1/2013,2014
"628",628,3.3515,"MS-DRG",31,6.59999990463257,0,,9.60000038146973,10/1/2013,2014
"629",629,2.1292,"MS-DRG",31,6,0,,7.19999980926514,10/1/2013,2014
"630",630,1.3444,"MS-DRG",31,3,0,,3.79999995231628,10/1/2013,2014
"631",631,0,"MS-DRG",31,0,0,,0,10/1/2013,2014
"632",632,0,"MS-DRG",31,0,0,,0,10/1/2013,2014
"633",633,0,"MS-DRG",31,0,0,,0,10/1/2013,2014
"634",634,0,"MS-DRG",31,0,0,,0,10/1/2013,2014
"635",635,0,"MS-DRG",31,0,0,,0,10/1/2013,2014
"636",636,0,"MS-DRG",31,0,0,,0,10/1/2013,2014
"637",637,1.3888,"MS-DRG",31,4.19999980926514,0,,5.5,10/1/2013,2014
"638",638,0.8252,"MS-DRG",31,3,0,,3.70000004768372,10/1/2013,2014
"639",639,0.5708,"MS-DRG",31,2.20000004768372,0,,2.59999990463257,10/1/2013,2014
"640",640,1.1111,"MS-DRG",31,3.29999995231628,0,,4.59999990463257,10/1/2013,2014
"641",641,0.6992,"MS-DRG",31,2.79999995231628,0,,3.40000009536743,10/1/2013,2014
"642",642,1.0674,"MS-DRG",31,3.20000004768372,0,,4.19999980926514,10/1/2013,2014
"643",643,1.6693,"MS-DRG",31,5.5,0,,6.90000009536743,10/1/2013,2014
"644",644,1.0194,"MS-DRG",31,3.90000009536743,0,,4.69999980926514,10/1/2013,2014
"645",645,0.7041,"MS-DRG",31,2.79999995231628,0,,3.40000009536743,10/1/2013,2014
"646",646,0,"MS-DRG",31,0,0,,0,10/1/2013,2014
"647",647,0,"MS-DRG",31,0,0,,0,10/1/2013,2014
"648",648,0,"MS-DRG",31,0,0,,0,10/1/2013,2014
"649",649,0,"MS-DRG",31,0,0,,0,10/1/2013,2014
"650",650,0,"MS-DRG",31,0,0,,0,10/1/2013,2014
"651",651,0,"MS-DRG",31,0,0,,0,10/1/2013,2014
"652",652,3.153,"MS-DRG",31,5.80000019073486,0,,6.80000019073486,10/1/2013,2014
"653",653,5.9558,"MS-DRG",31,12.6999998092651,0,,15.3999996185303,10/1/2013,2014
"654",654,3.0944,"MS-DRG",31,7.80000019073486,0,,8.89999961853027,10/1/2013,2014
"655",655,2.1671,"MS-DRG",31,4.69999980926514,0,,5.5,10/1/2013,2014
"656",656,3.5221,"MS-DRG",31,7.19999980926514,0,,9.30000019073486,10/1/2013,2014
"657",657,2.0261,"MS-DRG",31,4.5,0,,5.40000009536743,10/1/2013,2014
"658",658,1.5074,"MS-DRG",31,2.79999995231628,0,,3.09999990463257,10/1/2013,2014
"659",659,3.4051,"MS-DRG",31,7.59999990463257,0,,10.3000001907349,10/1/2013,2014
"660",660,1.8827,"MS-DRG",31,4.30000019073486,0,,5.59999990463257,10/1/2013,2014
"661",661,1.3435,"MS-DRG",31,2.29999995231628,0,,2.79999995231628,10/1/2013,2014
"662",662,2.9801,"MS-DRG",31,7.69999980926514,0,,10.1999998092651,10/1/2013,2014
"663",663,1.5666,"MS-DRG",31,3.90000009536743,0,,5.30000019073486,10/1/2013,2014
"664",664,1.2208,"MS-DRG",31,1.70000004768372,0,,2.20000004768372,10/1/2013,2014
"665",665,3.1414,"MS-DRG",31,9.19999980926514,0,,11.6999998092651,10/1/2013,2014
"666",666,1.7042,"MS-DRG",31,4.5,0,,6.19999980926514,10/1/2013,2014
"667",667,0.8949,"MS-DRG",31,2,0,,2.59999990463257,10/1/2013,2014
"668",668,2.5573,"MS-DRG",31,6.59999990463257,0,,8.80000019073486,10/1/2013,2014
"669",669,1.2693,"MS-DRG",31,3,0,,4.09999990463257,10/1/2013,2014
"670",670,0.8354,"MS-DRG",31,1.89999997615814,0,,2.40000009536743,10/1/2013,2014
"671",671,1.5887,"MS-DRG",31,4.30000019073486,0,,5.69999980926514,10/1/2013,2014
"672",672,0.8835,"MS-DRG",31,1.89999997615814,0,,2.29999995231628,10/1/2013,2014
"673",673,3.115,"MS-DRG",31,6.5,0,,9.69999980926514,10/1/2013,2014
"674",674,2.2378,"MS-DRG",31,5.09999990463257,0,,6.90000009536743,10/1/2013,2014
"675",675,1.3807,"MS-DRG",31,1.89999997615814,0,,2.70000004768372,10/1/2013,2014
"676",676,0,"MS-DRG",31,0,0,,0,10/1/2013,2014
"677",677,0,"MS-DRG",31,0,0,,0,10/1/2013,2014
"678",678,0,"MS-DRG",31,0,0,,0,10/1/2013,2014
"679",679,0,"MS-DRG",31,0,0,,0,10/1/2013,2014
"680",680,0,"MS-DRG",31,0,0,,0,10/1/2013,2014
"681",681,0,"MS-DRG",31,0,0,,0,10/1/2013,2014
"682",682,1.5401,"MS-DRG",31,4.69999980926514,0,,6.19999980926514,10/1/2013,2014
"683",683,0.9655,"MS-DRG",31,3.70000004768372,0,,4.5,10/1/2013,2014
"684",684,0.6213,"MS-DRG",31,2.5,0,,3,10/1/2013,2014
"685",685,0.9282,"MS-DRG",31,2.59999990463257,0,,3.40000009536743,10/1/2013,2014
"686",686,1.7237,"MS-DRG",31,5.40000009536743,0,,7.19999980926514,10/1/2013,2014
"687",687,1.0441,"MS-DRG",31,3.70000004768372,0,,4.80000019073486,10/1/2013,2014
"688",688,0.6867,"MS-DRG",31,2.20000004768372,0,,2.70000004768372,10/1/2013,2014
"689",689,1.13,"MS-DRG",31,4.30000019073486,0,,5.30000019073486,10/1/2013,2014
"690",690,0.7693,"MS-DRG",31,3.20000004768372,0,,3.79999995231628,10/1/2013,2014
"691",691,1.5454,"MS-DRG",31,3,0,,3.79999995231628,10/1/2013,2014
"692",692,1.069,"MS-DRG",31,1.70000004768372,0,,2,10/1/2013,2014
"693",693,1.4186,"MS-DRG",31,4.09999990463257,0,,5.30000019073486,10/1/2013,2014
"694",694,0.6879,"MS-DRG",31,2,0,,2.40000009536743,10/1/2013,2014
"695",695,1.2773,"MS-DRG",31,4.19999980926514,0,,5.5,10/1/2013,2014
"696",696,0.6615,"MS-DRG",31,2.5,0,,3.09999990463257,10/1/2013,2014
"697",697,0.8225,"MS-DRG",31,2.5,0,,3.20000004768372,10/1/2013,2014
"698",698,1.5681,"MS-DRG",31,5.09999990463257,0,,6.40000009536743,10/1/2013,2014
"699",699,0.989,"MS-DRG",31,3.5,0,,4.40000009536743,10/1/2013,2014
"700",700,0.7026,"MS-DRG",31,2.59999990463257,0,,3.20000004768372,10/1/2013,2014
"701",701,0,"MS-DRG",31,0,0,,0,10/1/2013,2014
"702",702,0,"MS-DRG",31,0,0,,0,10/1/2013,2014
"703",703,0,"MS-DRG",31,0,0,,0,10/1/2013,2014
"704",704,0,"MS-DRG",31,0,0,,0,10/1/2013,2014
"705",705,0,"MS-DRG",31,0,0,,0,10/1/2013,2014
"706",706,0,"MS-DRG",31,0,0,,0,10/1/2013,2014
"707",707,1.8265,"MS-DRG",31,3,0,,4.09999990463257,10/1/2013,2014
"708",708,1.2928,"MS-DRG",31,1.39999997615814,0,,1.60000002384186,10/1/2013,2014
"709",709,2.1038,"MS-DRG",31,4,0,,6.19999980926514,10/1/2013,2014
"710",710,1.3429,"MS-DRG",31,1.5,0,,1.89999997615814,10/1/2013,2014
"711",711,2.0316,"MS-DRG",31,5.5,0,,7.59999990463257,10/1/2013,2014
"712",712,0.958,"MS-DRG",31,2.29999995231628,0,,3,10/1/2013,2014
"713",713,1.3814,"MS-DRG",31,3.29999995231628,0,,4.5,10/1/2013,2014
"714",714,0.7402,"MS-DRG",31,1.70000004768372,0,,2,10/1/2013,2014
"715",715,2.2268,"MS-DRG",31,5.5,0,,7.80000019073486,10/1/2013,2014
"716",716,0.9629,"MS-DRG",31,1.5,0,,1.79999995231628,10/1/2013,2014
"717",717,1.7495,"MS-DRG",31,4.90000009536743,0,,6.69999980926514,10/1/2013,2014
"718",718,0.8786,"MS-DRG",31,2.29999995231628,0,,2.90000009536743,10/1/2013,2014
"719",719,0,"MS-DRG",31,0,0,,0,10/1/2013,2014
"720",720,0,"MS-DRG",31,0,0,,0,10/1/2013,2014
"721",721,0,"MS-DRG",31,0,0,,0,10/1/2013,2014
"722",722,1.6031,"MS-DRG",31,5.30000019073486,0,,7.09999990463257,10/1/2013,2014
"723",723,1.0532,"MS-DRG",31,3.90000009536743,0,,5,10/1/2013,2014
"724",724,0.5501,"MS-DRG",31,1.79999995231628,0,,2.40000009536743,10/1/2013,2014
"725",725,1.2644,"MS-DRG",31,4.40000009536743,0,,5.59999990463257,10/1/2013,2014
"726",726,0.7159,"MS-DRG",31,2.79999995231628,0,,3.40000009536743,10/1/2013,2014
"727",727,1.4106,"MS-DRG",31,4.80000019073486,0,,6.19999980926514,10/1/2013,2014
"728",728,0.7821,"MS-DRG",31,3.20000004768372,0,,3.90000009536743,10/1/2013,2014
"729",729,1.1196,"MS-DRG",31,3.70000004768372,0,,5,10/1/2013,2014
"730",730,0.6266,"MS-DRG",31,2.20000004768372,0,,2.79999995231628,10/1/2013,2014
"731",731,0,"MS-DRG",31,0,0,,0,10/1/2013,2014
"732",732,0,"MS-DRG",31,0,0,,0,10/1/2013,2014
"733",733,0,"MS-DRG",31,0,0,,0,10/1/2013,2014
"734",734,2.5547,"MS-DRG",31,4.59999990463257,0,,6.69999980926514,10/1/2013,2014
"735",735,1.191,"MS-DRG",31,1.89999997615814,0,,2.29999995231628,10/1/2013,2014
"736",736,4.2211,"MS-DRG",31,10.1000003814697,0,,12.3999996185303,10/1/2013,2014
"737",737,2.031,"MS-DRG",31,5.30000019073486,0,,6.19999980926514,10/1/2013,2014
"738",738,1.2602,"MS-DRG",31,2.90000009536743,0,,3.29999995231628,10/1/2013,2014
"739",739,3.1647,"MS-DRG",31,6.5,0,,8.69999980926514,10/1/2013,2014
"740",740,1.5819,"MS-DRG",31,3.09999990463257,0,,4.09999990463257,10/1/2013,2014
"741",741,1.147,"MS-DRG",31,1.79999995231628,0,,2.09999990463257,10/1/2013,2014
"742",742,1.4972,"MS-DRG",31,3,0,,4,10/1/2013,2014
"743",743,0.9903,"MS-DRG",31,1.70000004768372,0,,1.89999997615814,10/1/2013,2014
"744",744,1.5084,"MS-DRG",31,3.90000009536743,0,,5.5,10/1/2013,2014
"745",745,0.8514,"MS-DRG",31,1.89999997615814,0,,2.40000009536743,10/1/2013,2014
"746",746,1.3694,"MS-DRG",31,3,0,,4.30000019073486,10/1/2013,2014
"747",747,0.8814,"MS-DRG",31,1.60000002384186,0,,1.79999995231628,10/1/2013,2014
"748",748,1.0096,"MS-DRG",31,1.5,0,,1.79999995231628,10/1/2013,2014
"749",749,2.6239,"MS-DRG",31,6.09999990463257,0,,8.39999961853027,10/1/2013,2014
"750",750,1.0854,"MS-DRG",31,2.20000004768372,0,,2.79999995231628,10/1/2013,2014
"751",751,0,"MS-DRG",31,0,0,,0,10/1/2013,2014
"752",752,0,"MS-DRG",31,0,0,,0,10/1/2013,2014
"753",753,0,"MS-DRG",31,0,0,,0,10/1/2013,2014
"754",754,1.9784,"MS-DRG",31,5.80000019073486,0,,8.39999961853027,10/1/2013,2014
"755",755,1.088,"MS-DRG",31,3.70000004768372,0,,5,10/1/2013,2014
"756",756,0.6334,"MS-DRG",31,2.09999990463257,0,,2.59999990463257,10/1/2013,2014
"757",757,1.5292,"MS-DRG",31,5.69999980926514,0,,7.19999980926514,10/1/2013,2014
"758",758,1.0452,"MS-DRG",31,4.19999980926514,0,,5.19999980926514,10/1/2013,2014
"759",759,0.6995,"MS-DRG",31,3.20000004768372,0,,3.79999995231628,10/1/2013,2014
"760",760,0.8063,"MS-DRG",31,2.79999995231628,0,,3.59999990463257,10/1/2013,2014
"761",761,0.4904,"MS-DRG",31,1.79999995231628,0,,2.20000004768372,10/1/2013,2014
"762",762,0,"MS-DRG",31,0,0,,0,10/1/2013,2014
"763",763,0,"MS-DRG",31,0,0,,0,10/1/2013,2014
"764",764,0,"MS-DRG",31,0,0,,0,10/1/2013,2014
"765",765,1.1125,"MS-DRG",31,3.90000009536743,0,,4.80000019073486,10/1/2013,2014
"766",766,0.7766,"MS-DRG",31,2.90000009536743,0,,3.09999990463257,10/1/2013,2014
"767",767,0.9235,"MS-DRG",31,2.70000004768372,0,,3.59999990463257,10/1/2013,2014
"768",768,1.0976,"MS-DRG",31,3.09999990463257,0,,3.20000004768372,10/1/2013,2014
"769",769,2.1785,"MS-DRG",31,4.30000019073486,0,,6.40000009536743,10/1/2013,2014
"770",770,0.707,"MS-DRG",31,1.60000002384186,0,,2.09999990463257,10/1/2013,2014
"771",771,0,"MS-DRG",31,0,0,,0,10/1/2013,2014
"772",772,0,"MS-DRG",31,0,0,,0,10/1/2013,2014
"773",773,0,"MS-DRG",31,0,0,,0,10/1/2013,2014
"774",774,0.7137,"MS-DRG",31,2.5,0,,3,10/1/2013,2014
"775",775,0.5625,"MS-DRG",31,2.09999990463257,0,,2.29999995231628,10/1/2013,2014
"776",776,0.7075,"MS-DRG",31,2.5,0,,3.40000009536743,10/1/2013,2014
"777",777,0.955,"MS-DRG",31,1.60000002384186,0,,2.09999990463257,10/1/2013,2014
"778",778,0.5247,"MS-DRG",31,1.89999997615814,0,,2.90000009536743,10/1/2013,2014
"779",779,0.4843,"MS-DRG",31,1.5,0,,1.79999995231628,10/1/2013,2014
"780",780,0.2515,"MS-DRG",31,1.20000004768372,0,,1.39999997615814,10/1/2013,2014
"781",781,0.7568,"MS-DRG",31,2.70000004768372,0,,3.90000009536743,10/1/2013,2014
"782",782,0.4463,"MS-DRG",31,1.60000002384186,0,,2.29999995231628,10/1/2013,2014
"783",783,0,"MS-DRG",31,0,0,,0,10/1/2013,2014
"784",784,0,"MS-DRG",31,0,0,,0,10/1/2013,2014
"785",785,0,"MS-DRG",31,0,0,,0,10/1/2013,2014
"786",786,0,"MS-DRG",31,0,0,,0,10/1/2013,2014
"787",787,0,"MS-DRG",31,0,0,,0,10/1/2013,2014
"788",788,0,"MS-DRG",31,0,0,,0,10/1/2013,2014
"789",789,1.5258,"MS-DRG",31,1.79999995231628,0,"*",1.79999995231628,10/1/2013,2014
"790",790,5.0315,"MS-DRG",31,17.8999996185303,0,"*",17.8999996185303,10/1/2013,2014
"791",791,3.4363,"MS-DRG",31,13.3000001907349,0,"*",13.3000001907349,10/1/2013,2014
"792",792,2.0734,"MS-DRG",31,8.60000038146973,0,"*",8.60000038146973,10/1/2013,2014
"793",793,3.5299,"MS-DRG",31,4.69999980926514,0,"*",4.69999980926514,10/1/2013,2014
"794",794,1.2494,"MS-DRG",31,3.40000009536743,0,"*",3.40000009536743,10/1/2013,2014
"795",795,0.1692,"MS-DRG",31,3.09999990463257,0,"*",3.09999990463257,10/1/2013,2014
"796",796,0,"MS-DRG",31,0,0,,0,10/1/2013,2014
"797",797,0,"MS-DRG",31,0,0,,0,10/1/2013,2014
"798",798,0,"MS-DRG",31,0,0,,0,10/1/2013,2014
"799",799,5.0639,"MS-DRG",31,9.89999961853027,0,,12.8999996185303,10/1/2013,2014
"800",800,2.5234,"MS-DRG",31,5.19999980926514,0,,6.80000019073486,10/1/2013,2014
"801",801,1.598,"MS-DRG",31,2.79999995231628,0,,3.5,10/1/2013,2014
"802",802,3.1642,"MS-DRG",31,7.69999980926514,0,,10.3999996185303,10/1/2013,2014
"803",803,1.8831,"MS-DRG",31,4.69999980926514,0,,6.30000019073486,10/1/2013,2014
"804",804,1.1558,"MS-DRG",31,2.29999995231628,0,,3,10/1/2013,2014
"805",805,0,"MS-DRG",31,0,0,,0,10/1/2013,2014
"806",806,0,"MS-DRG",31,0,0,,0,10/1/2013,2014
"807",807,0,"MS-DRG",31,0,0,,0,10/1/2013,2014
"808",808,2.2217,"MS-DRG",31,6.09999990463257,0,,8.10000038146973,10/1/2013,2014
"809",809,1.1901,"MS-DRG",31,3.79999995231628,0,,4.80000019073486,10/1/2013,2014
"810",810,0.8226,"MS-DRG",31,2.70000004768372,0,,3.29999995231628,10/1/2013,2014
"811",811,1.2488,"MS-DRG",31,3.59999990463257,0,,4.80000019073486,10/1/2013,2014
"812",812,0.7985,"MS-DRG",31,2.59999990463257,0,,3.40000009536743,10/1/2013,2014
"813",813,1.6433,"MS-DRG",31,3.59999990463257,0,,5,10/1/2013,2014
"814",814,1.691,"MS-DRG",31,4.90000009536743,0,,6.80000019073486,10/1/2013,2014
"815",815,0.9844,"MS-DRG",31,3.29999995231628,0,,4.19999980926514,10/1/2013,2014
"816",816,0.6655,"MS-DRG",31,2.40000009536743,0,,2.90000009536743,10/1/2013,2014
"817",817,0,"MS-DRG",31,0,0,,0,10/1/2013,2014
"818",818,0,"MS-DRG",31,0,0,,0,10/1/2013,2014
"819",819,0,"MS-DRG",31,0,0,,0,10/1/2013,2014
"820",820,5.8779,"MS-DRG",31,13,0,,17.1000003814697,10/1/2013,2014
"821",821,2.4025,"MS-DRG",31,4.80000019073486,0,,6.90000009536743,10/1/2013,2014
"822",822,1.2336,"MS-DRG",31,2.20000004768372,0,,2.79999995231628,10/1/2013,2014
"823",823,4.485,"MS-DRG",31,11.3000001907349,0,,14.6999998092651,10/1/2013,2014
"824",824,2.1684,"MS-DRG",31,5.90000009536743,0,,7.69999980926514,10/1/2013,2014
"825",825,1.2935,"MS-DRG",31,2.90000009536743,0,,4,10/1/2013,2014
"826",826,4.928,"MS-DRG",31,10.8000001907349,0,,14,10/1/2013,2014
"827",827,2.2746,"MS-DRG",31,5.30000019073486,0,,6.80000019073486,10/1/2013,2014
"828",828,1.3642,"MS-DRG",31,2.70000004768372,0,,3.29999995231628,10/1/2013,2014
"829",829,3.1769,"MS-DRG",31,6.69999980926514,0,,10.1999998092651,10/1/2013,2014
"830",830,1.2781,"MS-DRG",31,2.40000009536743,0,,3.09999990463257,10/1/2013,2014
"831",831,0,"MS-DRG",31,0,0,,0,10/1/2013,2014
"832",832,0,"MS-DRG",31,0,0,,0,10/1/2013,2014
"833",833,0,"MS-DRG",31,0,0,,0,10/1/2013,2014
"834",834,5.3828,"MS-DRG",31,10.3000001907349,0,,16.7999992370605,10/1/2013,2014
"835",835,2.1606,"MS-DRG",31,4.59999990463257,0,,7.5,10/1/2013,2014
"836",836,1.224,"MS-DRG",31,2.90000009536743,0,,4.30000019073486,10/1/2013,2014
"837",837,6.0485,"MS-DRG",31,15.6000003814697,0,,21.2000007629395,10/1/2013,2014
"838",838,2.8181,"MS-DRG",31,6.69999980926514,0,,9.69999980926514,10/1/2013,2014
"839",839,1.3175,"MS-DRG",31,4.80000019073486,0,,5.5,10/1/2013,2014
"840",840,3.0843,"MS-DRG",31,7.5,0,,10.5,10/1/2013,2014
"841",841,1.6167,"MS-DRG",31,4.80000019073486,0,,6.30000019073486,10/1/2013,2014
"842",842,1.083,"MS-DRG",31,3.09999990463257,0,,4.09999990463257,10/1/2013,2014
"843",843,1.7768,"MS-DRG",31,5.30000019073486,0,,7.19999980926514,10/1/2013,2014
"844",844,1.1701,"MS-DRG",31,4.09999990463257,0,,5.30000019073486,10/1/2013,2014
"845",845,0.783,"MS-DRG",31,2.79999995231628,0,,3.70000004768372,10/1/2013,2014
"846",846,2.4337,"MS-DRG",31,5.69999980926514,0,,8.19999980926514,10/1/2013,2014
"847",847,1.1062,"MS-DRG",31,3,0,,3.59999990463257,10/1/2013,2014
"848",848,0.8635,"MS-DRG",31,2.5,0,,3,10/1/2013,2014
"849",849,1.4239,"MS-DRG",31,4.59999990463257,0,,6,10/1/2013,2014
"850",850,0,"MS-DRG",31,0,0,,0,10/1/2013,2014
"851",851,0,"MS-DRG",31,0,0,,0,10/1/2013,2014
"852",852,0,"MS-DRG",31,0,0,,0,10/1/2013,2014
"853",853,5.3491,"MS-DRG",31,11.1000003814697,0,,14.3000001907349,10/1/2013,2014
"854",854,2.4891,"MS-DRG",31,7,0,,8.5,10/1/2013,2014
"855",855,1.5849,"MS-DRG",31,3.59999990463257,0,,4.90000009536743,10/1/2013,2014
"856",856,4.7874,"MS-DRG",31,10.1000003814697,0,,13.3999996185303,10/1/2013,2014
"857",857,2.0412,"MS-DRG",31,5.69999980926514,0,,7.09999990463257,10/1/2013,2014
"858",858,1.3115,"MS-DRG",31,3.90000009536743,0,,4.80000019073486,10/1/2013,2014
"859",859,0,"MS-DRG",31,0,0,,0,10/1/2013,2014
"860",860,0,"MS-DRG",31,0,0,,0,10/1/2013,2014
"861",861,0,"MS-DRG",31,0,0,,0,10/1/2013,2014
"862",862,1.8903,"MS-DRG",31,5.59999990463257,0,,7.40000009536743,10/1/2013,2014
"863",863,0.9845,"MS-DRG",31,3.79999995231628,0,,4.59999990463257,10/1/2013,2014
"864",864,0.8441,"MS-DRG",31,2.90000009536743,0,,3.59999990463257,10/1/2013,2014
"865",865,1.7351,"MS-DRG",31,4.90000009536743,0,,6.80000019073486,10/1/2013,2014
"866",866,0.7855,"MS-DRG",31,2.90000009536743,0,,3.5,10/1/2013,2014
"867",867,2.6139,"MS-DRG",31,6.80000019073486,0,,9.19999980926514,10/1/2013,2014
"868",868,1.0775,"MS-DRG",31,4,0,,5,10/1/2013,2014
"869",869,0.7406,"MS-DRG",31,2.90000009536743,0,,3.5,10/1/2013,2014
"870",870,5.9187,"MS-DRG",31,12.5,0,,14.6000003814697,10/1/2013,2014
"871",871,1.8527,"MS-DRG",31,5.09999990463257,0,,6.69999980926514,10/1/2013,2014
"872",872,1.0687,"MS-DRG",31,4.09999990463257,0,,4.90000009536743,10/1/2013,2014
"873",873,0,"MS-DRG",31,0,0,,0,10/1/2013,2014
"874",874,0,"MS-DRG",31,0,0,,0,10/1/2013,2014
"875",875,0,"MS-DRG",31,0,0,,0,10/1/2013,2014
"876",876,2.8172,"MS-DRG",31,7.5,0,,12.3000001907349,10/1/2013,2014
"877",877,0,"MS-DRG",31,0,0,,0,10/1/2013,2014
"878",878,0,"MS-DRG",31,0,0,,0,10/1/2013,2014
"879",879,0,"MS-DRG",31,0,0,,0,10/1/2013,2014
"880",880,0.6388,"MS-DRG",31,2.20000004768372,0,,2.90000009536743,10/1/2013,2014
"881",881,0.6541,"MS-DRG",31,3.20000004768372,0,,4.40000009536743,10/1/2013,2014
"882",882,0.6953,"MS-DRG",31,3.20000004768372,0,,4.40000009536743,10/1/2013,2014
"883",883,1.2682,"MS-DRG",31,4.69999980926514,0,,7.69999980926514,10/1/2013,2014
"884",884,1.006,"MS-DRG",31,4,0,,5.69999980926514,10/1/2013,2014
"885",885,1.0048,"MS-DRG",31,5.40000009536743,0,,7.30000019073486,10/1/2013,2014
"886",886,0.9173,"MS-DRG",31,4.19999980926514,0,,7.09999990463257,10/1/2013,2014
"887",887,0.9795,"MS-DRG",31,2.90000009536743,0,,4.5,10/1/2013,2014
"888",888,0,"MS-DRG",31,0,0,,0,10/1/2013,2014
"889",889,0,"MS-DRG",31,0,0,,0,10/1/2013,2014
"890",890,0,"MS-DRG",31,0,0,,0,10/1/2013,2014
"891",891,0,"MS-DRG",31,0,0,,0,10/1/2013,2014
"892",892,0,"MS-DRG",31,0,0,,0,10/1/2013,2014
"893",893,0,"MS-DRG",31,0,0,,0,10/1/2013,2014
"894",894,0.4509,"MS-DRG",31,2.09999990463257,0,,2.90000009536743,10/1/2013,2014
"895",895,1.1939,"MS-DRG",31,9.10000038146973,0,,11.6999998092651,10/1/2013,2014
"896",896,1.5146,"MS-DRG",31,4.69999980926514,0,,6.5,10/1/2013,2014
"897",897,0.6824,"MS-DRG",31,3.20000004768372,0,,4,10/1/2013,2014
"898",898,0,"MS-DRG",31,0,0,,0,10/1/2013,2014
"899",899,0,"MS-DRG",31,0,0,,0,10/1/2013,2014
"900",900,0,"MS-DRG",31,0,0,,0,10/1/2013,2014
"901",901,4.0316,"MS-DRG",31,9.30000019073486,0,,13.8999996185303,10/1/2013,2014
"902",902,1.7077,"MS-DRG",31,4.90000009536743,0,,6.59999990463257,10/1/2013,2014
"903",903,1.0527,"MS-DRG",31,3.09999990463257,0,,4.19999980926514,10/1/2013,2014
"904",904,3.1738,"MS-DRG",31,7.19999980926514,0,,10.6999998092651,10/1/2013,2014
"905",905,1.2475,"MS-DRG",31,3.20000004768372,0,,4.30000019073486,10/1/2013,2014
"906",906,1.2228,"MS-DRG",31,2.40000009536743,0,,3.5,10/1/2013,2014
"907",907,3.9235,"MS-DRG",31,7.69999980926514,0,,10.6999998092651,10/1/2013,2014
"908",908,1.9485,"MS-DRG",31,4.40000009536743,0,,5.80000019073486,10/1/2013,2014
"909",909,1.215,"MS-DRG",31,2.5,0,,3.20000004768372,10/1/2013,2014
"910",910,0,"MS-DRG",31,0,0,,0,10/1/2013,2014
"911",911,0,"MS-DRG",31,0,0,,0,10/1/2013,2014
"912",912,0,"MS-DRG",31,0,0,,0,10/1/2013,2014
"913",913,1.1683,"MS-DRG",31,3.70000004768372,0,,5,10/1/2013,2014
"914",914,0.711,"MS-DRG",31,2.5,0,,3.09999990463257,10/1/2013,2014
"915",915,1.4721,"MS-DRG",31,3.59999990463257,0,,4.90000009536743,10/1/2013,2014
"916",916,0.5139,"MS-DRG",31,1.70000004768372,0,,2.09999990463257,10/1/2013,2014
"917",917,1.4093,"MS-DRG",31,3.5,0,,4.80000019073486,10/1/2013,2014
"918",918,0.6346,"MS-DRG",31,2.09999990463257,0,,2.70000004768372,10/1/2013,2014
"919",919,1.7206,"MS-DRG",31,4.40000009536743,0,,6.09999990463257,10/1/2013,2014
"920",920,0.9779,"MS-DRG",31,3.09999990463257,0,,4,10/1/2013,2014
"921",921,0.6522,"MS-DRG",31,2.20000004768372,0,,2.79999995231628,10/1/2013,2014
"922",922,1.5088,"MS-DRG",31,4,0,,5.59999990463257,10/1/2013,2014
"923",923,0.662,"MS-DRG",31,2.20000004768372,0,,2.90000009536743,10/1/2013,2014
"924",924,0,"MS-DRG",31,0,0,,0,10/1/2013,2014
"925",925,0,"MS-DRG",31,0,0,,0,10/1/2013,2014
"926",926,0,"MS-DRG",31,0,0,,0,10/1/2013,2014
"927",927,16.4534,"MS-DRG",31,22.2999992370605,0,,30.7000007629395,10/1/2013,2014
"928",928,5.7744,"MS-DRG",31,11.8999996185303,0,,16.1000003814697,10/1/2013,2014
"929",929,2.209,"MS-DRG",31,5.09999990463257,0,,7.19999980926514,10/1/2013,2014
"930",930,0,"MS-DRG",31,0,0,,0,10/1/2013,2014
"931",931,0,"MS-DRG",31,0,0,,0,10/1/2013,2014
"932",932,0,"MS-DRG",31,0,0,,0,10/1/2013,2014
"933",933,3.2785,"MS-DRG",31,2.59999990463257,0,,8.19999980926514,10/1/2013,2014
"934",934,1.6045,"MS-DRG",31,4.19999980926514,0,,6.09999990463257,10/1/2013,2014
"935",935,1.3909,"MS-DRG",31,3.20000004768372,0,,4.80000019073486,10/1/2013,2014
"936",936,0,"MS-DRG",31,0,0,,0,10/1/2013,2014
"937",937,0,"MS-DRG",31,0,0,,0,10/1/2013,2014
"938",938,0,"MS-DRG",31,0,0,,0,10/1/2013,2014
"939",939,3.1182,"MS-DRG",31,6.59999990463257,0,,9.80000019073486,10/1/2013,2014
"940",940,1.7675,"MS-DRG",31,3.70000004768372,0,,5.30000019073486,10/1/2013,2014
"941",941,1.3403,"MS-DRG",31,2.20000004768372,0,,2.79999995231628,10/1/2013,2014
"942",942,0,"MS-DRG",31,0,0,,0,10/1/2013,2014
"943",943,0,"MS-DRG",31,0,0,,0,10/1/2013,2014
"944",944,0,"MS-DRG",31,0,0,,0,10/1/2013,2014
"945",945,1.3804,"MS-DRG",31,8.30000019073486,0,,10.1000003814697,10/1/2013,2014
"946",946,1.2037,"MS-DRG",31,6.5,0,,7.40000009536743,10/1/2013,2014
"947",947,1.1324,"MS-DRG",31,3.59999990463257,0,,4.80000019073486,10/1/2013,2014
"948",948,0.6897,"MS-DRG",31,2.59999990463257,0,,3.29999995231628,10/1/2013,2014
"949",949,1.0038,"MS-DRG",31,2.79999995231628,0,,4.09999990463257,10/1/2013,2014
"950",950,0.6005,"MS-DRG",31,2.29999995231628,0,,3.5,10/1/2013,2014
"951",951,0.8578,"MS-DRG",31,2.40000009536743,0,,5.5,10/1/2013,2014
"952",952,0,"MS-DRG",31,0,0,,0,10/1/2013,2014
"953",953,0,"MS-DRG",31,0,0,,0,10/1/2013,2014
"954",954,0,"MS-DRG",31,0,0,,0,10/1/2013,2014
"955",955,5.4056,"MS-DRG",31,7.19999980926514,0,,10.6000003814697,10/1/2013,2014
"956",956,3.8321,"MS-DRG",31,6.80000019073486,0,,8.30000019073486,10/1/2013,2014
"957",957,6.7306,"MS-DRG",31,9.69999980926514,0,,13.8999996185303,10/1/2013,2014
"958",958,3.8734,"MS-DRG",31,7.30000019073486,0,,8.89999961853027,10/1/2013,2014
"959",959,2.5391,"MS-DRG",31,4.30000019073486,0,,5.40000009536743,10/1/2013,2014
"960",960,0,"MS-DRG",31,0,0,,0,10/1/2013,2014
"961",961,0,"MS-DRG",31,0,0,,0,10/1/2013,2014
"962",962,0,"MS-DRG",31,0,0,,0,10/1/2013,2014
"963",963,2.6733,"MS-DRG",31,5.5,0,,8.10000038146973,10/1/2013,2014
"964",964,1.3904,"MS-DRG",31,4.09999990463257,0,,5,10/1/2013,2014
"965",965,0.9824,"MS-DRG",31,3,0,,3.59999990463257,10/1/2013,2014
"966",966,0,"MS-DRG",31,0,0,,0,10/1/2013,2014
"967",967,0,"MS-DRG",31,0,0,,0,10/1/2013,2014
"968",968,0,"MS-DRG",31,0,0,,0,10/1/2013,2014
"969",969,5.4896,"MS-DRG",31,12,0,,16.7000007629395,10/1/2013,2014
"970",970,2.2785,"MS-DRG",31,4.90000009536743,0,,7.09999990463257,10/1/2013,2014
"971",971,0,"MS-DRG",31,0,0,,0,10/1/2013,2014
"972",972,0,"MS-DRG",31,0,0,,0,10/1/2013,2014
"973",973,0,"MS-DRG",31,0,0,,0,10/1/2013,2014
"974",974,2.6335,"MS-DRG",31,6.69999980926514,0,,9.30000019073486,10/1/2013,2014
"975",975,1.3383,"MS-DRG",31,4.69999980926514,0,,6.09999990463257,10/1/2013,2014
"976",976,0.8627,"MS-DRG",31,3.29999995231628,0,,4.19999980926514,10/1/2013,2014
"977",977,1.1194,"MS-DRG",31,3.59999990463257,0,,4.80000019073486,10/1/2013,2014
"978",978,0,"MS-DRG",31,0,0,,0,10/1/2013,2014
"979",979,0,"MS-DRG",31,0,0,,0,10/1/2013,2014
"980",980,0,"MS-DRG",31,0,0,,0,10/1/2013,2014
"981",981,4.9319,"MS-DRG",31,10.1000003814697,0,,13.1000003814697,10/1/2013,2014
"982",982,2.8504,"MS-DRG",31,5.90000009536743,0,,7.59999990463257,10/1/2013,2014
"983",983,1.7462,"MS-DRG",31,2.79999995231628,0,,3.79999995231628,10/1/2013,2014
"984",984,3.4143,"MS-DRG",31,9.30000019073486,0,,12.5,10/1/2013,2014
"985",985,1.8859,"MS-DRG",31,5.09999990463257,0,,7.19999980926514,10/1/2013,2014
"986",986,1.0389,"MS-DRG",31,2.09999990463257,0,,3,10/1/2013,2014
"987",987,3.3422,"MS-DRG",31,8.39999961853027,0,,11.1999998092651,10/1/2013,2014
"988",988,1.7554,"MS-DRG",31,4.80000019073486,0,,6.40000009536743,10/1/2013,2014
"989",989,1.043,"MS-DRG",31,2.29999995231628,0,,3,10/1/2013,2014
"990",990,0,"MS-DRG",31,0,0,,0,10/1/2013,2014
"991",991,0,"MS-DRG",31,0,0,,0,10/1/2013,2014
"992",992,0,"MS-DRG",31,0,0,,0,10/1/2013,2014
"993",993,0,"MS-DRG",31,0,0,,0,10/1/2013,2014
"994",994,0,"MS-DRG",31,0,0,,0,10/1/2013,2014
"995",995,0,"MS-DRG",31,0,0,,0,10/1/2013,2014
"996",996,0,"MS-DRG",31,0,0,,0,10/1/2013,2014
"997",997,0,"MS-DRG",31,0,0,,0,10/1/2013,2014
"998",998,0,"MS-DRG",31,0,0,,0,10/1/2013,2014
"999",999,0,"MS-DRG",31,0,0,,0,10/1/2013,2014
